field,value,unit,source,type,notes
model,Qwen2.5-72B-Instruct,,https://huggingface.co/Qwen/Qwen2.5-72B-Instruct ; https://huggingface.co/Qwen/Qwen2.5-72B-Instruct/blob/main/config.json,FACT,Official Qwen publisher repository
parameters_total,72.7,B,https://huggingface.co/Qwen/Qwen2.5-72B-Instruct ; https://huggingface.co/Qwen/Qwen2.5-72B-Instruct/blob/main/config.json,FACT,Model card
parameters_non_embedding,70.0,B,https://huggingface.co/Qwen/Qwen2.5-72B-Instruct ; https://huggingface.co/Qwen/Qwen2.5-72B-Instruct/blob/main/config.json,FACT,Model card
layers,80,,https://huggingface.co/Qwen/Qwen2.5-72B-Instruct ; https://huggingface.co/Qwen/Qwen2.5-72B-Instruct/blob/main/config.json,FACT,Model card/config
hidden_size,8192,,https://huggingface.co/Qwen/Qwen2.5-72B-Instruct ; https://huggingface.co/Qwen/Qwen2.5-72B-Instruct/blob/main/config.json,FACT,Official config
query_heads,64,,https://huggingface.co/Qwen/Qwen2.5-72B-Instruct ; https://huggingface.co/Qwen/Qwen2.5-72B-Instruct/blob/main/config.json,FACT,GQA
kv_heads,8,,https://huggingface.co/Qwen/Qwen2.5-72B-Instruct ; https://huggingface.co/Qwen/Qwen2.5-72B-Instruct/blob/main/config.json,FACT,GQA
head_dim,128.0,,https://huggingface.co/Qwen/Qwen2.5-72B-Instruct ; https://huggingface.co/Qwen/Qwen2.5-72B-Instruct/blob/main/config.json,CALCULATION,8192/64
full_context_length,131072,tokens,https://huggingface.co/Qwen/Qwen2.5-72B-Instruct ; https://huggingface.co/Qwen/Qwen2.5-72B-Instruct/blob/main/config.json,FACT,Model card full context
