precision_payload_model,bytes_per_weight_payload,batch_or_concurrent_tokens,flops_symbolic,weight_bytes_symbolic,operational_intensity_flops_per_byte,b300_bf16_roofline_classification,mi355x_bf16_roofline_classification,type,caveat
BF16/FP16 ideal payload,2.0,1,2Pq,P*b_w,1.0,memory-roof tighter,memory-roof tighter,SCENARIO / IDEALIZED WEIGHT-ONLY MODEL,"Assumes ideal weight reuse across batch; omits KV, activations, metadata, scheduler and communication."
BF16/FP16 ideal payload,2.0,2,2Pq,P*b_w,2.0,memory-roof tighter,memory-roof tighter,SCENARIO / IDEALIZED WEIGHT-ONLY MODEL,"Assumes ideal weight reuse across batch; omits KV, activations, metadata, scheduler and communication."
BF16/FP16 ideal payload,2.0,4,2Pq,P*b_w,4.0,memory-roof tighter,memory-roof tighter,SCENARIO / IDEALIZED WEIGHT-ONLY MODEL,"Assumes ideal weight reuse across batch; omits KV, activations, metadata, scheduler and communication."
BF16/FP16 ideal payload,2.0,8,2Pq,P*b_w,8.0,memory-roof tighter,memory-roof tighter,SCENARIO / IDEALIZED WEIGHT-ONLY MODEL,"Assumes ideal weight reuse across batch; omits KV, activations, metadata, scheduler and communication."
BF16/FP16 ideal payload,2.0,16,2Pq,P*b_w,16.0,memory-roof tighter,memory-roof tighter,SCENARIO / IDEALIZED WEIGHT-ONLY MODEL,"Assumes ideal weight reuse across batch; omits KV, activations, metadata, scheduler and communication."
BF16/FP16 ideal payload,2.0,32,2Pq,P*b_w,32.0,memory-roof tighter,memory-roof tighter,SCENARIO / IDEALIZED WEIGHT-ONLY MODEL,"Assumes ideal weight reuse across batch; omits KV, activations, metadata, scheduler and communication."
BF16/FP16 ideal payload,2.0,64,2Pq,P*b_w,64.0,memory-roof tighter,memory-roof tighter,SCENARIO / IDEALIZED WEIGHT-ONLY MODEL,"Assumes ideal weight reuse across batch; omits KV, activations, metadata, scheduler and communication."
BF16/FP16 ideal payload,2.0,128,2Pq,P*b_w,128.0,memory-roof tighter,memory-roof tighter,SCENARIO / IDEALIZED WEIGHT-ONLY MODEL,"Assumes ideal weight reuse across batch; omits KV, activations, metadata, scheduler and communication."
BF16/FP16 ideal payload,2.0,256,2Pq,P*b_w,256.0,memory-roof tighter,memory-roof tighter,SCENARIO / IDEALIZED WEIGHT-ONLY MODEL,"Assumes ideal weight reuse across batch; omits KV, activations, metadata, scheduler and communication."
BF16/FP16 ideal payload,2.0,512,2Pq,P*b_w,512.0,compute roof can become tighter,compute roof can become tighter,SCENARIO / IDEALIZED WEIGHT-ONLY MODEL,"Assumes ideal weight reuse across batch; omits KV, activations, metadata, scheduler and communication."
8-bit ideal payload,1.0,1,2Pq,P*b_w,2.0,memory-roof tighter,memory-roof tighter,SCENARIO / IDEALIZED WEIGHT-ONLY MODEL,"Assumes ideal weight reuse across batch; omits KV, activations, metadata, scheduler and communication."
8-bit ideal payload,1.0,2,2Pq,P*b_w,4.0,memory-roof tighter,memory-roof tighter,SCENARIO / IDEALIZED WEIGHT-ONLY MODEL,"Assumes ideal weight reuse across batch; omits KV, activations, metadata, scheduler and communication."
8-bit ideal payload,1.0,4,2Pq,P*b_w,8.0,memory-roof tighter,memory-roof tighter,SCENARIO / IDEALIZED WEIGHT-ONLY MODEL,"Assumes ideal weight reuse across batch; omits KV, activations, metadata, scheduler and communication."
8-bit ideal payload,1.0,8,2Pq,P*b_w,16.0,memory-roof tighter,memory-roof tighter,SCENARIO / IDEALIZED WEIGHT-ONLY MODEL,"Assumes ideal weight reuse across batch; omits KV, activations, metadata, scheduler and communication."
8-bit ideal payload,1.0,16,2Pq,P*b_w,32.0,memory-roof tighter,memory-roof tighter,SCENARIO / IDEALIZED WEIGHT-ONLY MODEL,"Assumes ideal weight reuse across batch; omits KV, activations, metadata, scheduler and communication."
8-bit ideal payload,1.0,32,2Pq,P*b_w,64.0,memory-roof tighter,memory-roof tighter,SCENARIO / IDEALIZED WEIGHT-ONLY MODEL,"Assumes ideal weight reuse across batch; omits KV, activations, metadata, scheduler and communication."
8-bit ideal payload,1.0,64,2Pq,P*b_w,128.0,memory-roof tighter,memory-roof tighter,SCENARIO / IDEALIZED WEIGHT-ONLY MODEL,"Assumes ideal weight reuse across batch; omits KV, activations, metadata, scheduler and communication."
8-bit ideal payload,1.0,128,2Pq,P*b_w,256.0,memory-roof tighter,memory-roof tighter,SCENARIO / IDEALIZED WEIGHT-ONLY MODEL,"Assumes ideal weight reuse across batch; omits KV, activations, metadata, scheduler and communication."
8-bit ideal payload,1.0,256,2Pq,P*b_w,512.0,compute roof can become tighter,compute roof can become tighter,SCENARIO / IDEALIZED WEIGHT-ONLY MODEL,"Assumes ideal weight reuse across batch; omits KV, activations, metadata, scheduler and communication."
8-bit ideal payload,1.0,512,2Pq,P*b_w,1024.0,compute roof can become tighter,compute roof can become tighter,SCENARIO / IDEALIZED WEIGHT-ONLY MODEL,"Assumes ideal weight reuse across batch; omits KV, activations, metadata, scheduler and communication."
4-bit ideal payload,0.5,1,2Pq,P*b_w,4.0,memory-roof tighter,memory-roof tighter,SCENARIO / IDEALIZED WEIGHT-ONLY MODEL,"Assumes ideal weight reuse across batch; omits KV, activations, metadata, scheduler and communication."
4-bit ideal payload,0.5,2,2Pq,P*b_w,8.0,memory-roof tighter,memory-roof tighter,SCENARIO / IDEALIZED WEIGHT-ONLY MODEL,"Assumes ideal weight reuse across batch; omits KV, activations, metadata, scheduler and communication."
4-bit ideal payload,0.5,4,2Pq,P*b_w,16.0,memory-roof tighter,memory-roof tighter,SCENARIO / IDEALIZED WEIGHT-ONLY MODEL,"Assumes ideal weight reuse across batch; omits KV, activations, metadata, scheduler and communication."
4-bit ideal payload,0.5,8,2Pq,P*b_w,32.0,memory-roof tighter,memory-roof tighter,SCENARIO / IDEALIZED WEIGHT-ONLY MODEL,"Assumes ideal weight reuse across batch; omits KV, activations, metadata, scheduler and communication."
4-bit ideal payload,0.5,16,2Pq,P*b_w,64.0,memory-roof tighter,memory-roof tighter,SCENARIO / IDEALIZED WEIGHT-ONLY MODEL,"Assumes ideal weight reuse across batch; omits KV, activations, metadata, scheduler and communication."
4-bit ideal payload,0.5,32,2Pq,P*b_w,128.0,memory-roof tighter,memory-roof tighter,SCENARIO / IDEALIZED WEIGHT-ONLY MODEL,"Assumes ideal weight reuse across batch; omits KV, activations, metadata, scheduler and communication."
4-bit ideal payload,0.5,64,2Pq,P*b_w,256.0,memory-roof tighter,memory-roof tighter,SCENARIO / IDEALIZED WEIGHT-ONLY MODEL,"Assumes ideal weight reuse across batch; omits KV, activations, metadata, scheduler and communication."
4-bit ideal payload,0.5,128,2Pq,P*b_w,512.0,compute roof can become tighter,compute roof can become tighter,SCENARIO / IDEALIZED WEIGHT-ONLY MODEL,"Assumes ideal weight reuse across batch; omits KV, activations, metadata, scheduler and communication."
4-bit ideal payload,0.5,256,2Pq,P*b_w,1024.0,compute roof can become tighter,compute roof can become tighter,SCENARIO / IDEALIZED WEIGHT-ONLY MODEL,"Assumes ideal weight reuse across batch; omits KV, activations, metadata, scheduler and communication."
4-bit ideal payload,0.5,512,2Pq,P*b_w,2048.0,compute roof can become tighter,compute roof can become tighter,SCENARIO / IDEALIZED WEIGHT-ONLY MODEL,"Assumes ideal weight reuse across batch; omits KV, activations, metadata, scheduler and communication."
