transfer_budget_ms,kv_bytes_GB,required_effective_GBps,fixed_latency_ms,feasibility
0.4,0.25,,0.5,NO FINITE BANDWIDTH
0.4,0.5,,0.5,NO FINITE BANDWIDTH
0.4,1,,0.5,NO FINITE BANDWIDTH
0.4,2,,0.5,NO FINITE BANDWIDTH
0.4,3,,0.5,NO FINITE BANDWIDTH
0.4,4,,0.5,NO FINITE BANDWIDTH
1,0.25,500.0,0.5,FINITE
1,0.5,1000.0,0.5,FINITE
1,1,2000.0,0.5,FINITE
1,2,4000.0,0.5,FINITE
1,3,6000.0,0.5,FINITE
1,4,8000.0,0.5,FINITE
5,0.25,55.55555555555556,0.5,FINITE
5,0.5,111.11111111111111,0.5,FINITE
5,1,222.22222222222223,0.5,FINITE
5,2,444.44444444444446,0.5,FINITE
5,3,666.6666666666667,0.5,FINITE
5,4,888.8888888888889,0.5,FINITE
10,0.25,26.315789473684212,0.5,FINITE
10,0.5,52.631578947368425,0.5,FINITE
10,1,105.26315789473685,0.5,FINITE
10,2,210.5263157894737,0.5,FINITE
10,3,315.7894736842105,0.5,FINITE
10,4,421.0526315789474,0.5,FINITE
25,0.25,10.204081632653061,0.5,FINITE
25,0.5,20.408163265306122,0.5,FINITE
25,1,40.816326530612244,0.5,FINITE
25,2,81.63265306122449,0.5,FINITE
25,3,122.44897959183673,0.5,FINITE
25,4,163.26530612244898,0.5,FINITE
50,0.25,5.05050505050505,0.5,FINITE
50,0.5,10.1010101010101,0.5,FINITE
50,1,20.2020202020202,0.5,FINITE
50,2,40.4040404040404,0.5,FINITE
50,3,60.6060606060606,0.5,FINITE
50,4,80.8080808080808,0.5,FINITE
100,0.25,2.5125628140703515,0.5,FINITE
100,0.5,5.025125628140703,0.5,FINITE
100,1,10.050251256281406,0.5,FINITE
100,2,20.100502512562812,0.5,FINITE
100,3,30.15075376884422,0.5,FINITE
100,4,40.201005025125625,0.5,FINITE
