acceptance_quality_ratio,managed_variable_cost_usd_per_task,self_host_variable_cost_usd_per_task,fixed_capacity_usd_per_month,denominator_usd_per_task,finite_break_even,break_even_tasks_per_month
0.35,0.0021,0.001,27564.8,-0.00026500000000000015,False,
0.36,0.0021,0.001,27564.8,-0.00024400000000000008,False,
0.37,0.0021,0.001,27564.8,-0.0002230000000000001,False,
0.38,0.0021,0.001,27564.8,-0.00020200000000000003,False,
0.39,0.0021,0.001,27564.8,-0.00018100000000000006,False,
0.4,0.0021,0.001,27564.8,-0.00015999999999999999,False,
0.41,0.0021,0.001,27564.8,-0.00013900000000000013,False,
0.42,0.0021,0.001,27564.8,-0.00011800000000000016,False,
0.43,0.0021,0.001,27564.8,-9.700000000000008e-05,False,
0.44,0.0021,0.001,27564.8,-7.600000000000011e-05,False,
0.45,0.0021,0.001,27564.8,-5.5000000000000036e-05,False,
0.46,0.0021,0.001,27564.8,-3.400000000000007e-05,False,
0.47,0.0021,0.001,27564.8,-1.3000000000000208e-05,False,
0.48,0.0021,0.001,27564.8,7.999999999999978e-06,True,3445600000.0000095
0.49,0.0021,0.001,27564.8,2.8999999999999946e-05,True,950510344.827588
0.5,0.0021,0.001,27564.8,4.9999999999999914e-05,True,551296000.000001
0.51,0.0021,0.001,27564.8,7.099999999999988e-05,True,388236619.7183105
0.52,0.0021,0.001,27564.8,9.199999999999985e-05,True,299617391.3043483
0.53,0.0021,0.001,27564.8,0.00011300000000000004,True,243936283.18584064
0.54,0.0021,0.001,27564.8,0.000134,True,205707462.68656716
0.55,0.0021,0.001,27564.8,0.00015499999999999997,True,177837419.35483873
0.56,0.0021,0.001,27564.8,0.00017599999999999994,True,156618181.81818187
0.57,0.0021,0.001,27564.8,0.0001969999999999999,True,139922842.63959396
0.58,0.0021,0.001,27564.8,0.00021799999999999988,True,126444036.69724777
0.59,0.0021,0.001,27564.8,0.00023899999999999985,True,115333891.21338919
0.6,0.0021,0.001,27564.8,0.0002599999999999998,True,106018461.53846161
0.61,0.0021,0.001,27564.8,0.0002809999999999998,True,98095373.6654805
0.62,0.0021,0.001,27564.8,0.00030199999999999997,True,91274172.18543047
0.63,0.0021,0.001,27564.8,0.00032299999999999994,True,85339938.08049537
0.64,0.0021,0.001,27564.8,0.0003439999999999999,True,80130232.55813955
0.65,0.0021,0.001,27564.8,0.0003649999999999999,True,75520000.00000003
0.66,0.0021,0.001,27564.8,0.00038600000000000006,True,71411398.96373056
0.67,0.0021,0.001,27564.8,0.000407,True,67726781.32678132
0.68,0.0021,0.001,27564.8,0.000428,True,64403738.31775701
0.69,0.0021,0.001,27564.8,0.00044899999999999975,True,61391536.748329654
0.7,0.0021,0.001,27564.8,0.0004699999999999997,True,58648510.63829791
0.71,0.0021,0.001,27564.8,0.0004909999999999999,True,56140122.19959268
0.72,0.0021,0.001,27564.8,0.0005119999999999999,True,53837500.000000015
0.73,0.0021,0.001,27564.8,0.0005329999999999998,True,51716322.70168857
0.74,0.0021,0.001,27564.8,0.0005539999999999998,True,49755956.67870038
0.75,0.0021,0.001,27564.8,0.000575,True,47938782.60869565
0.76,0.0021,0.001,27564.8,0.000596,True,46249664.4295302
0.77,0.0021,0.001,27564.8,0.0006169999999999999,True,44675526.742301464
0.78,0.0021,0.001,27564.8,0.0006379999999999999,True,43205015.6739812
0.79,0.0021,0.001,27564.8,0.0006589999999999999,True,41828224.58270107
0.8,0.0021,0.001,27564.8,0.00068,True,40536470.58823529
0.81,0.0021,0.001,27564.8,0.000701,True,39322111.26961483
0.82,0.0021,0.001,27564.8,0.0007219999999999998,True,38178393.35180057
0.83,0.0021,0.001,27564.8,0.0007429999999999997,True,37099327.05248992
0.84,0.0021,0.001,27564.8,0.0007639999999999997,True,36079581.151832476
0.85,0.0021,0.001,27564.8,0.0007849999999999999,True,35114394.904458605
0.86,0.0021,0.001,27564.8,0.0008059999999999999,True,34199503.72208437
0.87,0.0021,0.001,27564.8,0.0008269999999999998,True,33331076.178960104
0.88,0.0021,0.001,27564.8,0.0008479999999999998,True,32505660.377358496
0.89,0.0021,0.001,27564.8,0.000869,True,31720138.089758344
0.9,0.0021,0.001,27564.8,0.00089,True,30971685.393258426
0.91,0.0021,0.001,27564.8,0.0009109999999999999,True,30257738.748627882
0.92,0.0021,0.001,27564.8,0.0009319999999999999,True,29575965.665236056
0.93,0.0021,0.001,27564.8,0.0009529999999999999,True,28924239.244491085
0.94,0.0021,0.001,27564.8,0.0009739999999999996,True,28300616.016427115
0.95,0.0021,0.001,27564.8,0.0009949999999999998,True,27703316.58291458
0.96,0.0021,0.001,27564.8,0.001016,True,27130708.661417324
0.97,0.0021,0.001,27564.8,0.0010369999999999997,True,26581292.189006757
0.98,0.0021,0.001,27564.8,0.001058,True,26053686.20037807
0.99,0.0021,0.001,27564.8,0.0010789999999999997,True,25546617.23818351
1.0,0.0021,0.001,27564.8,0.0010999999999999998,True,25058909.090909094
1.01,0.0021,0.001,27564.8,0.001121,True,24589473.684210524
1.02,0.0021,0.001,27564.8,0.0011419999999999998,True,24137302.97723293
1.03,0.0021,0.001,27564.8,0.001163,True,23701461.73688736
1.04,0.0021,0.001,27564.8,0.0011839999999999997,True,23281081.081081085
1.05,0.0021,0.001,27564.8,0.001205,True,22875352.697095435
