batch_tokens_per_decode_step,effective_hbm_tb_s,weight_bytes_saved_gb,saved_transfer_time_per_token_ms,extra_quant_path_overhead_ms,net_time_saved_ms,quant_path_faster,status
1,3.0,103.90625,34.63541666666667,0.25,34.38541666666667,True,HOUSE ASSUMPTION / DERIVED
1,3.0,103.90625,34.63541666666667,0.5,34.13541666666667,True,HOUSE ASSUMPTION / DERIVED
1,3.0,103.90625,34.63541666666667,1,33.63541666666667,True,HOUSE ASSUMPTION / DERIVED
1,3.0,103.90625,34.63541666666667,2,32.63541666666667,True,HOUSE ASSUMPTION / DERIVED
1,3.0,103.90625,34.63541666666667,5,29.63541666666667,True,HOUSE ASSUMPTION / DERIVED
1,3.0,103.90625,34.63541666666667,10,24.63541666666667,True,HOUSE ASSUMPTION / DERIVED
1,3.0,103.90625,34.63541666666667,20,14.635416666666671,True,HOUSE ASSUMPTION / DERIVED
1,3.0,103.90625,34.63541666666667,40,-5.364583333333329,False,HOUSE ASSUMPTION / DERIVED
2,3.0,103.90625,17.317708333333336,0.25,17.067708333333336,True,HOUSE ASSUMPTION / DERIVED
2,3.0,103.90625,17.317708333333336,0.5,16.817708333333336,True,HOUSE ASSUMPTION / DERIVED
2,3.0,103.90625,17.317708333333336,1,16.317708333333336,True,HOUSE ASSUMPTION / DERIVED
2,3.0,103.90625,17.317708333333336,2,15.317708333333336,True,HOUSE ASSUMPTION / DERIVED
2,3.0,103.90625,17.317708333333336,5,12.317708333333336,True,HOUSE ASSUMPTION / DERIVED
2,3.0,103.90625,17.317708333333336,10,7.317708333333336,True,HOUSE ASSUMPTION / DERIVED
2,3.0,103.90625,17.317708333333336,20,-2.6822916666666643,False,HOUSE ASSUMPTION / DERIVED
2,3.0,103.90625,17.317708333333336,40,-22.682291666666664,False,HOUSE ASSUMPTION / DERIVED
4,3.0,103.90625,8.658854166666668,0.25,8.408854166666668,True,HOUSE ASSUMPTION / DERIVED
4,3.0,103.90625,8.658854166666668,0.5,8.158854166666668,True,HOUSE ASSUMPTION / DERIVED
4,3.0,103.90625,8.658854166666668,1,7.658854166666668,True,HOUSE ASSUMPTION / DERIVED
4,3.0,103.90625,8.658854166666668,2,6.658854166666668,True,HOUSE ASSUMPTION / DERIVED
4,3.0,103.90625,8.658854166666668,5,3.658854166666668,True,HOUSE ASSUMPTION / DERIVED
4,3.0,103.90625,8.658854166666668,10,-1.3411458333333321,False,HOUSE ASSUMPTION / DERIVED
4,3.0,103.90625,8.658854166666668,20,-11.341145833333332,False,HOUSE ASSUMPTION / DERIVED
4,3.0,103.90625,8.658854166666668,40,-31.341145833333332,False,HOUSE ASSUMPTION / DERIVED
8,3.0,103.90625,4.329427083333334,0.25,4.079427083333334,True,HOUSE ASSUMPTION / DERIVED
8,3.0,103.90625,4.329427083333334,0.5,3.829427083333334,True,HOUSE ASSUMPTION / DERIVED
8,3.0,103.90625,4.329427083333334,1,3.329427083333334,True,HOUSE ASSUMPTION / DERIVED
8,3.0,103.90625,4.329427083333334,2,2.329427083333334,True,HOUSE ASSUMPTION / DERIVED
8,3.0,103.90625,4.329427083333334,5,-0.6705729166666661,False,HOUSE ASSUMPTION / DERIVED
8,3.0,103.90625,4.329427083333334,10,-5.670572916666666,False,HOUSE ASSUMPTION / DERIVED
8,3.0,103.90625,4.329427083333334,20,-15.670572916666666,False,HOUSE ASSUMPTION / DERIVED
8,3.0,103.90625,4.329427083333334,40,-35.670572916666664,False,HOUSE ASSUMPTION / DERIVED
16,3.0,103.90625,2.164713541666667,0.25,1.914713541666667,True,HOUSE ASSUMPTION / DERIVED
16,3.0,103.90625,2.164713541666667,0.5,1.664713541666667,True,HOUSE ASSUMPTION / DERIVED
16,3.0,103.90625,2.164713541666667,1,1.164713541666667,True,HOUSE ASSUMPTION / DERIVED
16,3.0,103.90625,2.164713541666667,2,0.16471354166666696,True,HOUSE ASSUMPTION / DERIVED
16,3.0,103.90625,2.164713541666667,5,-2.835286458333333,False,HOUSE ASSUMPTION / DERIVED
16,3.0,103.90625,2.164713541666667,10,-7.835286458333333,False,HOUSE ASSUMPTION / DERIVED
16,3.0,103.90625,2.164713541666667,20,-17.835286458333332,False,HOUSE ASSUMPTION / DERIVED
16,3.0,103.90625,2.164713541666667,40,-37.835286458333336,False,HOUSE ASSUMPTION / DERIVED
32,3.0,103.90625,1.0823567708333335,0.25,0.8323567708333335,True,HOUSE ASSUMPTION / DERIVED
32,3.0,103.90625,1.0823567708333335,0.5,0.5823567708333335,True,HOUSE ASSUMPTION / DERIVED
32,3.0,103.90625,1.0823567708333335,1,0.08235677083333348,True,HOUSE ASSUMPTION / DERIVED
32,3.0,103.90625,1.0823567708333335,2,-0.9176432291666665,False,HOUSE ASSUMPTION / DERIVED
32,3.0,103.90625,1.0823567708333335,5,-3.9176432291666665,False,HOUSE ASSUMPTION / DERIVED
32,3.0,103.90625,1.0823567708333335,10,-8.917643229166666,False,HOUSE ASSUMPTION / DERIVED
32,3.0,103.90625,1.0823567708333335,20,-18.917643229166668,False,HOUSE ASSUMPTION / DERIVED
32,3.0,103.90625,1.0823567708333335,40,-38.917643229166664,False,HOUSE ASSUMPTION / DERIVED
64,3.0,103.90625,0.5411783854166667,0.25,0.29117838541666674,True,HOUSE ASSUMPTION / DERIVED
64,3.0,103.90625,0.5411783854166667,0.5,0.04117838541666674,True,HOUSE ASSUMPTION / DERIVED
64,3.0,103.90625,0.5411783854166667,1,-0.45882161458333326,False,HOUSE ASSUMPTION / DERIVED
64,3.0,103.90625,0.5411783854166667,2,-1.4588216145833333,False,HOUSE ASSUMPTION / DERIVED
64,3.0,103.90625,0.5411783854166667,5,-4.458821614583333,False,HOUSE ASSUMPTION / DERIVED
64,3.0,103.90625,0.5411783854166667,10,-9.458821614583334,False,HOUSE ASSUMPTION / DERIVED
64,3.0,103.90625,0.5411783854166667,20,-19.458821614583332,False,HOUSE ASSUMPTION / DERIVED
64,3.0,103.90625,0.5411783854166667,40,-39.458821614583336,False,HOUSE ASSUMPTION / DERIVED
128,3.0,103.90625,0.27058919270833337,0.25,0.02058919270833337,True,HOUSE ASSUMPTION / DERIVED
128,3.0,103.90625,0.27058919270833337,0.5,-0.22941080729166663,False,HOUSE ASSUMPTION / DERIVED
128,3.0,103.90625,0.27058919270833337,1,-0.7294108072916666,False,HOUSE ASSUMPTION / DERIVED
128,3.0,103.90625,0.27058919270833337,2,-1.7294108072916665,False,HOUSE ASSUMPTION / DERIVED
128,3.0,103.90625,0.27058919270833337,5,-4.729410807291667,False,HOUSE ASSUMPTION / DERIVED
128,3.0,103.90625,0.27058919270833337,10,-9.729410807291666,False,HOUSE ASSUMPTION / DERIVED
128,3.0,103.90625,0.27058919270833337,20,-19.729410807291668,False,HOUSE ASSUMPTION / DERIVED
128,3.0,103.90625,0.27058919270833337,40,-39.729410807291664,False,HOUSE ASSUMPTION / DERIVED
