quant_success_q,quant_attempt_cost_usd,fallback_cost_usd,fallback_success,expected_cost_usd,overall_success,cost_per_success_usd,status
0.8,0.01,0.03,0.995,0.016,0.999,0.016016016016016016,HOUSE ASSUMPTION / DERIVED
0.81,0.01,0.03,0.995,0.0157,0.99905,0.015714929182723585,HOUSE ASSUMPTION / DERIVED
0.82,0.01,0.03,0.995,0.015399999999999997,0.9991,0.01541387248523671,HOUSE ASSUMPTION / DERIVED
0.83,0.01,0.03,0.995,0.015099999999999999,0.99915,0.015112845919031176,HOUSE ASSUMPTION / DERIVED
0.84,0.01,0.03,0.995,0.014799999999999997,0.9992,0.014811849479583665,HOUSE ASSUMPTION / DERIVED
0.85,0.01,0.03,0.995,0.014499999999999997,0.99925,0.014510883162371776,HOUSE ASSUMPTION / DERIVED
0.86,0.01,0.03,0.995,0.014199999999999997,0.9993,0.014209946962874009,HOUSE ASSUMPTION / DERIVED
0.87,0.01,0.03,0.995,0.013899999999999997,0.99935,0.01390904087656977,HOUSE ASSUMPTION / DERIVED
0.88,0.01,0.03,0.995,0.013599999999999998,0.9994,0.013608164898939361,HOUSE ASSUMPTION / DERIVED
0.89,0.01,0.03,0.995,0.013299999999999996,0.99945,0.013307319025464002,HOUSE ASSUMPTION / DERIVED
0.9,0.01,0.03,0.995,0.012999999999999996,0.9995,0.013006503251625808,HOUSE ASSUMPTION / DERIVED
0.91,0.01,0.03,0.995,0.012699999999999996,0.9995499999999999,0.012705717572907805,HOUSE ASSUMPTION / DERIVED
0.92,0.01,0.03,0.995,0.012399999999999996,0.9996,0.012404961984793914,HOUSE ASSUMPTION / DERIVED
0.93,0.01,0.03,0.995,0.012099999999999996,0.99965,0.012104236482768965,HOUSE ASSUMPTION / DERIVED
0.94,0.01,0.03,0.995,0.011799999999999995,0.9997,0.011803541062318689,HOUSE ASSUMPTION / DERIVED
0.95,0.01,0.03,0.995,0.011499999999999995,0.99975,0.011502875718929727,HOUSE ASSUMPTION / DERIVED
0.96,0.01,0.03,0.995,0.011199999999999995,0.9998,0.011202240448089613,HOUSE ASSUMPTION / DERIVED
0.97,0.01,0.03,0.995,0.010899999999999995,0.99985,0.010901635245286787,HOUSE ASSUMPTION / DERIVED
0.98,0.01,0.03,0.995,0.010599999999999995,0.9999,0.010601060106010595,HOUSE ASSUMPTION / DERIVED
0.99,0.01,0.03,0.995,0.010299999999999993,0.99995,0.010300515025751281,HOUSE ASSUMPTION / DERIVED
1.0,0.01,0.03,0.995,0.009999999999999993,1.0,0.009999999999999993,HOUSE ASSUMPTION / DERIVED
