gpu_count_cost_ratio_Gq_over_Gh,throughput_gain_Rq_over_Rh,minimum_quality_ratio_q_quant_over_q_high,interpretation,status
1.0,0.7,1.4285714285714286,q_quant/q_high must exceed this,DERIVED
1.0,0.75,1.3333333333333333,q_quant/q_high must exceed this,DERIVED
1.0,0.8,1.25,q_quant/q_high must exceed this,DERIVED
1.0,0.85,1.1764705882352942,q_quant/q_high must exceed this,DERIVED
1.0,0.9,1.1111111111111112,q_quant/q_high must exceed this,DERIVED
1.0,0.95,1.0526315789473684,q_quant/q_high must exceed this,DERIVED
1.0,1.0,1.0,q_quant/q_high must exceed this,DERIVED
1.0,1.05,0.9523809523809523,q_quant/q_high must exceed this,DERIVED
1.0,1.1,0.9090909090909091,q_quant/q_high must exceed this,DERIVED
1.0,1.15,0.8695652173913044,q_quant/q_high must exceed this,DERIVED
1.0,1.2,0.8333333333333334,q_quant/q_high must exceed this,DERIVED
1.0,1.25,0.8,q_quant/q_high must exceed this,DERIVED
1.0,1.3,0.7692307692307692,q_quant/q_high must exceed this,DERIVED
1.0,1.35,0.7407407407407407,q_quant/q_high must exceed this,DERIVED
1.0,1.4,0.7142857142857143,q_quant/q_high must exceed this,DERIVED
1.0,1.45,0.6896551724137931,q_quant/q_high must exceed this,DERIVED
1.0,1.5,0.6666666666666666,q_quant/q_high must exceed this,DERIVED
1.0,1.55,0.6451612903225806,q_quant/q_high must exceed this,DERIVED
1.0,1.6,0.625,q_quant/q_high must exceed this,DERIVED
1.0,1.65,0.6060606060606061,q_quant/q_high must exceed this,DERIVED
1.0,1.7,0.5882352941176471,q_quant/q_high must exceed this,DERIVED
1.0,1.75,0.5714285714285714,q_quant/q_high must exceed this,DERIVED
1.0,1.8,0.5555555555555556,q_quant/q_high must exceed this,DERIVED
1.0,1.85,0.5405405405405405,q_quant/q_high must exceed this,DERIVED
1.0,1.9,0.5263157894736842,q_quant/q_high must exceed this,DERIVED
1.0,1.95,0.5128205128205129,q_quant/q_high must exceed this,DERIVED
1.0,2.0,0.5,q_quant/q_high must exceed this,DERIVED
0.5,0.7,0.7142857142857143,q_quant/q_high must exceed this,DERIVED
0.5,0.75,0.6666666666666666,q_quant/q_high must exceed this,DERIVED
0.5,0.8,0.625,q_quant/q_high must exceed this,DERIVED
0.5,0.85,0.5882352941176471,q_quant/q_high must exceed this,DERIVED
0.5,0.9,0.5555555555555556,q_quant/q_high must exceed this,DERIVED
0.5,0.95,0.5263157894736842,q_quant/q_high must exceed this,DERIVED
0.5,1.0,0.5,q_quant/q_high must exceed this,DERIVED
0.5,1.05,0.47619047619047616,q_quant/q_high must exceed this,DERIVED
0.5,1.1,0.45454545454545453,q_quant/q_high must exceed this,DERIVED
0.5,1.15,0.4347826086956522,q_quant/q_high must exceed this,DERIVED
0.5,1.2,0.4166666666666667,q_quant/q_high must exceed this,DERIVED
0.5,1.25,0.4,q_quant/q_high must exceed this,DERIVED
0.5,1.3,0.3846153846153846,q_quant/q_high must exceed this,DERIVED
0.5,1.35,0.37037037037037035,q_quant/q_high must exceed this,DERIVED
0.5,1.4,0.35714285714285715,q_quant/q_high must exceed this,DERIVED
0.5,1.45,0.3448275862068966,q_quant/q_high must exceed this,DERIVED
0.5,1.5,0.3333333333333333,q_quant/q_high must exceed this,DERIVED
0.5,1.55,0.3225806451612903,q_quant/q_high must exceed this,DERIVED
0.5,1.6,0.3125,q_quant/q_high must exceed this,DERIVED
0.5,1.65,0.30303030303030304,q_quant/q_high must exceed this,DERIVED
0.5,1.7,0.29411764705882354,q_quant/q_high must exceed this,DERIVED
0.5,1.75,0.2857142857142857,q_quant/q_high must exceed this,DERIVED
0.5,1.8,0.2777777777777778,q_quant/q_high must exceed this,DERIVED
0.5,1.85,0.27027027027027023,q_quant/q_high must exceed this,DERIVED
0.5,1.9,0.2631578947368421,q_quant/q_high must exceed this,DERIVED
0.5,1.95,0.25641025641025644,q_quant/q_high must exceed this,DERIVED
0.5,2.0,0.25,q_quant/q_high must exceed this,DERIVED
