transfer_budget_ms,kv_bytes_GB_decimal,fixed_latency_ms,required_effective_GBps,feasibility,classification
0.4,0.25,0.5,,NO FINITE BANDWIDTH,SCENARIO / SIMPLE LOWER-BOUND
0.4,0.5,0.5,,NO FINITE BANDWIDTH,SCENARIO / SIMPLE LOWER-BOUND
0.4,1,0.5,,NO FINITE BANDWIDTH,SCENARIO / SIMPLE LOWER-BOUND
0.4,2,0.5,,NO FINITE BANDWIDTH,SCENARIO / SIMPLE LOWER-BOUND
0.4,3,0.5,,NO FINITE BANDWIDTH,SCENARIO / SIMPLE LOWER-BOUND
0.4,4,0.5,,NO FINITE BANDWIDTH,SCENARIO / SIMPLE LOWER-BOUND
1,0.25,0.5,500.0,FINITE,SCENARIO / SIMPLE LOWER-BOUND
1,0.5,0.5,1000.0,FINITE,SCENARIO / SIMPLE LOWER-BOUND
1,1,0.5,2000.0,FINITE,SCENARIO / SIMPLE LOWER-BOUND
1,2,0.5,4000.0,FINITE,SCENARIO / SIMPLE LOWER-BOUND
1,3,0.5,6000.0,FINITE,SCENARIO / SIMPLE LOWER-BOUND
1,4,0.5,8000.0,FINITE,SCENARIO / SIMPLE LOWER-BOUND
5,0.25,0.5,55.55555555555556,FINITE,SCENARIO / SIMPLE LOWER-BOUND
5,0.5,0.5,111.11111111111111,FINITE,SCENARIO / SIMPLE LOWER-BOUND
5,1,0.5,222.22222222222223,FINITE,SCENARIO / SIMPLE LOWER-BOUND
5,2,0.5,444.44444444444446,FINITE,SCENARIO / SIMPLE LOWER-BOUND
5,3,0.5,666.6666666666667,FINITE,SCENARIO / SIMPLE LOWER-BOUND
5,4,0.5,888.8888888888889,FINITE,SCENARIO / SIMPLE LOWER-BOUND
10,0.25,0.5,26.315789473684212,FINITE,SCENARIO / SIMPLE LOWER-BOUND
10,0.5,0.5,52.631578947368425,FINITE,SCENARIO / SIMPLE LOWER-BOUND
10,1,0.5,105.26315789473685,FINITE,SCENARIO / SIMPLE LOWER-BOUND
10,2,0.5,210.5263157894737,FINITE,SCENARIO / SIMPLE LOWER-BOUND
10,3,0.5,315.7894736842105,FINITE,SCENARIO / SIMPLE LOWER-BOUND
10,4,0.5,421.0526315789474,FINITE,SCENARIO / SIMPLE LOWER-BOUND
25,0.25,0.5,10.204081632653061,FINITE,SCENARIO / SIMPLE LOWER-BOUND
25,0.5,0.5,20.408163265306122,FINITE,SCENARIO / SIMPLE LOWER-BOUND
25,1,0.5,40.816326530612244,FINITE,SCENARIO / SIMPLE LOWER-BOUND
25,2,0.5,81.63265306122449,FINITE,SCENARIO / SIMPLE LOWER-BOUND
25,3,0.5,122.44897959183673,FINITE,SCENARIO / SIMPLE LOWER-BOUND
25,4,0.5,163.26530612244898,FINITE,SCENARIO / SIMPLE LOWER-BOUND
50,0.25,0.5,5.05050505050505,FINITE,SCENARIO / SIMPLE LOWER-BOUND
50,0.5,0.5,10.1010101010101,FINITE,SCENARIO / SIMPLE LOWER-BOUND
50,1,0.5,20.2020202020202,FINITE,SCENARIO / SIMPLE LOWER-BOUND
50,2,0.5,40.4040404040404,FINITE,SCENARIO / SIMPLE LOWER-BOUND
50,3,0.5,60.6060606060606,FINITE,SCENARIO / SIMPLE LOWER-BOUND
50,4,0.5,80.8080808080808,FINITE,SCENARIO / SIMPLE LOWER-BOUND
100,0.25,0.5,2.5125628140703515,FINITE,SCENARIO / SIMPLE LOWER-BOUND
100,0.5,0.5,5.025125628140703,FINITE,SCENARIO / SIMPLE LOWER-BOUND
100,1,0.5,10.050251256281406,FINITE,SCENARIO / SIMPLE LOWER-BOUND
100,2,0.5,20.100502512562812,FINITE,SCENARIO / SIMPLE LOWER-BOUND
100,3,0.5,30.15075376884422,FINITE,SCENARIO / SIMPLE LOWER-BOUND
100,4,0.5,40.201005025125625,FINITE,SCENARIO / SIMPLE LOWER-BOUND
