prefill_workers_x,decode_workers_y,gpu_count,prefill_target_capacity_rps,decode_target_capacity_rps,bottleneck_target_capacity_rps,feasible,label,case
0,0,0,0.0,0.0,0.0,False,,PRIMARY SCENARIO
0,1,2,0.0,3.2,0.0,False,,PRIMARY SCENARIO
0,2,4,0.0,6.4,0.0,False,,PRIMARY SCENARIO
0,3,6,0.0,9.600000000000001,0.0,False,,PRIMARY SCENARIO
0,4,8,0.0,12.8,0.0,False,,PRIMARY SCENARIO
1,0,2,6.4,0.0,0.0,False,,PRIMARY SCENARIO
1,1,4,6.4,3.2,3.2,False,,PRIMARY SCENARIO
1,2,6,6.4,6.4,6.4,True,MINIMUM FEASIBLE,PRIMARY SCENARIO
1,3,8,6.4,9.600000000000001,6.4,True,SAME-8-GPU CANDIDATE,PRIMARY SCENARIO
1,4,10,6.4,12.8,6.4,False,,PRIMARY SCENARIO
2,0,4,12.8,0.0,0.0,False,,PRIMARY SCENARIO
2,1,6,12.8,3.2,3.2,False,,PRIMARY SCENARIO
2,2,8,12.8,6.4,6.4,True,SAME-8-GPU CANDIDATE,PRIMARY SCENARIO
2,3,10,12.8,9.600000000000001,9.600000000000001,False,,PRIMARY SCENARIO
2,4,12,12.8,12.8,12.8,False,,PRIMARY SCENARIO
3,0,6,19.200000000000003,0.0,0.0,False,,PRIMARY SCENARIO
3,1,8,19.200000000000003,3.2,3.2,False,,PRIMARY SCENARIO
3,2,10,19.200000000000003,6.4,6.4,False,,PRIMARY SCENARIO
3,3,12,19.200000000000003,9.600000000000001,9.600000000000001,False,,PRIMARY SCENARIO
3,4,14,19.200000000000003,12.8,12.8,False,,PRIMARY SCENARIO
4,0,8,25.6,0.0,0.0,False,,PRIMARY SCENARIO
4,1,10,25.6,3.2,3.2,False,,PRIMARY SCENARIO
4,2,12,25.6,6.4,6.4,False,,PRIMARY SCENARIO
4,3,14,25.6,9.600000000000001,9.600000000000001,False,,PRIMARY SCENARIO
4,4,16,25.6,12.8,12.8,False,,PRIMARY SCENARIO
