k,alpha,expected_accepted_draft_tokens,expected_emitted_tokens_per_cycle,rejected_draft_share,classification
1,0.0,0.0,1.0,1.0,IID TEACHING MODEL
1,0.02,0.02,1.02,0.98,IID TEACHING MODEL
1,0.04,0.04,1.04,0.96,IID TEACHING MODEL
1,0.06,0.06,1.06,0.94,IID TEACHING MODEL
1,0.08,0.08,1.08,0.92,IID TEACHING MODEL
1,0.1,0.1,1.1,0.9,IID TEACHING MODEL
1,0.12,0.12,1.12,0.88,IID TEACHING MODEL
1,0.14,0.14,1.1400000000000001,0.86,IID TEACHING MODEL
1,0.16,0.16,1.16,0.84,IID TEACHING MODEL
1,0.18,0.18,1.18,0.8200000000000001,IID TEACHING MODEL
1,0.2,0.2,1.2,0.8,IID TEACHING MODEL
1,0.22,0.22,1.22,0.78,IID TEACHING MODEL
1,0.24,0.24,1.24,0.76,IID TEACHING MODEL
1,0.26,0.26,1.26,0.74,IID TEACHING MODEL
1,0.28,0.28,1.28,0.72,IID TEACHING MODEL
1,0.3,0.3,1.3,0.7,IID TEACHING MODEL
1,0.32,0.32,1.32,0.6799999999999999,IID TEACHING MODEL
1,0.34,0.34,1.34,0.6599999999999999,IID TEACHING MODEL
1,0.36,0.36,1.3599999999999999,0.64,IID TEACHING MODEL
1,0.38,0.38,1.38,0.62,IID TEACHING MODEL
1,0.4,0.4,1.4,0.6,IID TEACHING MODEL
1,0.42,0.42,1.42,0.5800000000000001,IID TEACHING MODEL
1,0.44,0.44,1.44,0.56,IID TEACHING MODEL
1,0.46,0.46,1.46,0.54,IID TEACHING MODEL
1,0.48,0.48,1.48,0.52,IID TEACHING MODEL
1,0.5,0.5,1.5,0.5,IID TEACHING MODEL
1,0.52,0.52,1.52,0.48,IID TEACHING MODEL
1,0.54,0.54,1.54,0.45999999999999996,IID TEACHING MODEL
1,0.56,0.56,1.56,0.43999999999999995,IID TEACHING MODEL
1,0.58,0.58,1.58,0.42000000000000004,IID TEACHING MODEL
1,0.6,0.6,1.6,0.4,IID TEACHING MODEL
1,0.62,0.62,1.62,0.38,IID TEACHING MODEL
1,0.64,0.64,1.6400000000000001,0.36,IID TEACHING MODEL
1,0.66,0.66,1.6600000000000001,0.33999999999999997,IID TEACHING MODEL
1,0.68,0.68,1.6800000000000002,0.31999999999999995,IID TEACHING MODEL
1,0.7000000000000001,0.7000000000000001,1.7000000000000002,0.29999999999999993,IID TEACHING MODEL
1,0.72,0.72,1.72,0.28,IID TEACHING MODEL
1,0.74,0.74,1.74,0.26,IID TEACHING MODEL
1,0.76,0.76,1.76,0.24,IID TEACHING MODEL
1,0.78,0.78,1.78,0.21999999999999997,IID TEACHING MODEL
1,0.8,0.8,1.8,0.19999999999999996,IID TEACHING MODEL
1,0.8200000000000001,0.8200000000000001,1.82,0.17999999999999994,IID TEACHING MODEL
1,0.84,0.84,1.8399999999999999,0.16000000000000003,IID TEACHING MODEL
1,0.86,0.86,1.8599999999999999,0.14,IID TEACHING MODEL
1,0.88,0.88,1.88,0.12,IID TEACHING MODEL
1,0.9,0.9,1.9,0.09999999999999998,IID TEACHING MODEL
1,0.92,0.92,1.92,0.07999999999999996,IID TEACHING MODEL
1,0.9400000000000001,0.9400000000000001,1.94,0.05999999999999994,IID TEACHING MODEL
1,0.96,0.96,1.96,0.040000000000000036,IID TEACHING MODEL
1,0.98,0.98,1.98,0.020000000000000018,IID TEACHING MODEL
1,1.0,1.0,2.0,0.0,IID TEACHING MODEL
2,0.0,0.0,1.0,1.0,IID TEACHING MODEL
2,0.02,0.0204,1.0204,0.9898,IID TEACHING MODEL
2,0.04,0.0416,1.0416,0.9792,IID TEACHING MODEL
2,0.06,0.0636,1.0636,0.9682,IID TEACHING MODEL
2,0.08,0.0864,1.0864,0.9568,IID TEACHING MODEL
2,0.1,0.11000000000000001,1.11,0.945,IID TEACHING MODEL
2,0.12,0.1344,1.1344,0.9328,IID TEACHING MODEL
2,0.14,0.15960000000000002,1.1596,0.9202,IID TEACHING MODEL
2,0.16,0.18560000000000001,1.1856,0.9072,IID TEACHING MODEL
2,0.18,0.21239999999999998,1.2124,0.8938,IID TEACHING MODEL
2,0.2,0.24000000000000002,1.24,0.88,IID TEACHING MODEL
2,0.22,0.26839999999999997,1.2684,0.8658,IID TEACHING MODEL
2,0.24,0.2976,1.2976,0.8512,IID TEACHING MODEL
2,0.26,0.3276,1.3276,0.8362,IID TEACHING MODEL
2,0.28,0.35840000000000005,1.3584,0.8208,IID TEACHING MODEL
2,0.3,0.39,1.3900000000000001,0.8049999999999999,IID TEACHING MODEL
2,0.32,0.4224,1.4224,0.7888,IID TEACHING MODEL
2,0.34,0.45560000000000006,1.4556,0.7722,IID TEACHING MODEL
2,0.36,0.4896,1.4896,0.7552,IID TEACHING MODEL
2,0.38,0.5244,1.5244,0.7378,IID TEACHING MODEL
2,0.4,0.56,1.56,0.72,IID TEACHING MODEL
2,0.42,0.5963999999999999,1.5964,0.7018,IID TEACHING MODEL
2,0.44,0.6335999999999999,1.6336,0.6832,IID TEACHING MODEL
2,0.46,0.6716,1.6716,0.6642,IID TEACHING MODEL
2,0.48,0.7103999999999999,1.7104,0.6448,IID TEACHING MODEL
2,0.5,0.75,1.75,0.625,IID TEACHING MODEL
2,0.52,0.7904,1.7904,0.6048,IID TEACHING MODEL
2,0.54,0.8316000000000001,1.8316000000000001,0.5841999999999999,IID TEACHING MODEL
2,0.56,0.8736000000000002,1.8736000000000002,0.5631999999999999,IID TEACHING MODEL
2,0.58,0.9163999999999999,1.9163999999999999,0.5418000000000001,IID TEACHING MODEL
2,0.6,0.96,1.96,0.52,IID TEACHING MODEL
2,0.62,1.0044,2.0044,0.4978,IID TEACHING MODEL
2,0.64,1.0496,2.0496,0.47519999999999996,IID TEACHING MODEL
2,0.66,1.0956000000000001,2.0956,0.45219999999999994,IID TEACHING MODEL
2,0.68,1.1424,2.1424000000000003,0.42879999999999996,IID TEACHING MODEL
2,0.7000000000000001,1.1900000000000002,2.1900000000000004,0.4049999999999999,IID TEACHING MODEL
2,0.72,1.2384,2.2384,0.3808,IID TEACHING MODEL
2,0.74,1.2875999999999999,2.2876,0.35620000000000007,IID TEACHING MODEL
2,0.76,1.3376000000000001,2.3376,0.33119999999999994,IID TEACHING MODEL
2,0.78,1.3884,2.3884,0.30579999999999996,IID TEACHING MODEL
2,0.8,1.4400000000000002,2.4400000000000004,0.2799999999999999,IID TEACHING MODEL
2,0.8200000000000001,1.4924000000000002,2.4924,0.2537999999999999,IID TEACHING MODEL
2,0.84,1.5455999999999999,2.5456,0.22720000000000007,IID TEACHING MODEL
2,0.86,1.5996,2.5995999999999997,0.20020000000000004,IID TEACHING MODEL
2,0.88,1.6543999999999999,2.6544,0.17280000000000006,IID TEACHING MODEL
2,0.9,1.71,2.71,0.14500000000000002,IID TEACHING MODEL
2,0.92,1.7664,2.7664,0.11680000000000001,IID TEACHING MODEL
2,0.9400000000000001,1.8236000000000003,2.8236000000000003,0.08819999999999983,IID TEACHING MODEL
2,0.96,1.8816,2.8815999999999997,0.05920000000000003,IID TEACHING MODEL
2,0.98,1.9404,2.9404,0.02980000000000005,IID TEACHING MODEL
2,1.0,2.0,3.0,0.0,IID TEACHING MODEL
4,0.0,0.0,1.0,1.0,IID TEACHING MODEL
4,0.02,0.02040816,1.02040816,0.99489796,IID TEACHING MODEL
4,0.04,0.04166656,1.04166656,0.98958336,IID TEACHING MODEL
4,0.06,0.06382896,1.06382896,0.98404276,IID TEACHING MODEL
4,0.08,0.08695296,1.08695296,0.97826176,IID TEACHING MODEL
4,0.1,0.1111,1.1111,0.972225,IID TEACHING MODEL
4,0.12,0.13633536,1.13633536,0.96591616,IID TEACHING MODEL
4,0.14,0.16272816,1.16272816,0.95931796,IID TEACHING MODEL
4,0.16,0.19035136,1.19035136,0.95241216,IID TEACHING MODEL
4,0.18,0.21928176,1.2192817599999999,0.94517956,IID TEACHING MODEL
4,0.2,0.24960000000000002,1.2496,0.9376,IID TEACHING MODEL
4,0.22,0.28139056,1.28139056,0.92965236,IID TEACHING MODEL
4,0.24,0.31474176,1.31474176,0.92131456,IID TEACHING MODEL
4,0.26,0.34974576,1.34974576,0.9125635599999999,IID TEACHING MODEL
4,0.28,0.38649856000000005,1.3864985600000002,0.90337536,IID TEACHING MODEL
4,0.3,0.4251,1.4251,0.893725,IID TEACHING MODEL
4,0.32,0.46565376,1.46565376,0.88358656,IID TEACHING MODEL
4,0.34,0.5082673600000001,1.50826736,0.87293316,IID TEACHING MODEL
4,0.36,0.55305216,1.55305216,0.86173696,IID TEACHING MODEL
4,0.38,0.60012336,1.60012336,0.84996916,IID TEACHING MODEL
4,0.4,0.6496000000000001,1.6496,0.8376,IID TEACHING MODEL
4,0.42,0.7016049599999999,1.70160496,0.82459876,IID TEACHING MODEL
4,0.44,0.75626496,1.75626496,0.81093376,IID TEACHING MODEL
4,0.46,0.8137105600000001,1.81371056,0.79657236,IID TEACHING MODEL
4,0.48,0.87407616,1.87407616,0.78148096,IID TEACHING MODEL
4,0.5,0.9375,1.9375,0.765625,IID TEACHING MODEL
4,0.52,1.0041241600000002,2.00412416,0.74896896,IID TEACHING MODEL
4,0.54,1.07409456,2.07409456,0.73147636,IID TEACHING MODEL
4,0.56,1.1475609600000003,2.1475609600000003,0.7131097599999999,IID TEACHING MODEL
4,0.58,1.2246769599999998,2.22467696,0.69383076,IID TEACHING MODEL
4,0.6,1.3055999999999999,2.3056,0.6736,IID TEACHING MODEL
4,0.62,1.39049136,2.39049136,0.65237716,IID TEACHING MODEL
4,0.64,1.4795161600000002,2.47951616,0.63012096,IID TEACHING MODEL
4,0.66,1.5728433600000002,2.5728433600000002,0.6067891599999999,IID TEACHING MODEL
4,0.68,1.6706457600000002,2.67064576,0.58233856,IID TEACHING MODEL
4,0.7000000000000001,1.7731000000000003,2.7731000000000003,0.5567249999999999,IID TEACHING MODEL
4,0.72,1.8803865599999998,2.88038656,0.52990336,IID TEACHING MODEL
4,0.74,1.99268976,2.99268976,0.50182756,IID TEACHING MODEL
4,0.76,2.11019776,3.11019776,0.47245055999999996,IID TEACHING MODEL
4,0.78,2.2331025600000003,3.2331025600000003,0.4417243599999999,IID TEACHING MODEL
4,0.8,2.3616,3.3616,0.40959999999999996,IID TEACHING MODEL
4,0.8200000000000001,2.4958897600000003,3.4958897600000003,0.3760275599999999,IID TEACHING MODEL
4,0.84,2.6361753599999997,3.6361753599999997,0.34095616000000006,IID TEACHING MODEL
4,0.86,2.78266416,3.78266416,0.30433396,IID TEACHING MODEL
4,0.88,2.93556736,3.93556736,0.26610816000000004,IID TEACHING MODEL
4,0.9,3.0951000000000004,4.0951,0.2262249999999999,IID TEACHING MODEL
4,0.92,3.26148096,4.26148096,0.18462975999999998,IID TEACHING MODEL
4,0.9400000000000001,3.4349329600000003,4.43493296,0.14126675999999994,IID TEACHING MODEL
4,0.96,3.6156825599999998,4.61568256,0.09607936000000006,IID TEACHING MODEL
4,0.98,3.80396016,4.80396016,0.04900996000000002,IID TEACHING MODEL
4,1.0,4.0,5.0,0.0,IID TEACHING MODEL
8,0.0,0.0,1.0,1.0,IID TEACHING MODEL
8,0.02,0.0204081632653056,1.0204081632653057,0.9974489795918368,IID TEACHING MODEL
8,0.04,0.0416666666663936,1.0416666666663936,0.9947916666667008,IID TEACHING MODEL
8,0.06,0.0638297872233216,1.0638297872233216,0.9920212765970848,IID TEACHING MODEL
8,0.08,0.0869565215932416,1.0869565215932415,0.9891304348008448,IID TEACHING MODEL
8,0.1,0.11111111000000001,1.11111111,0.98611111125,IID TEACHING MODEL
8,0.12,0.1363636305002496,1.1363636305002496,0.9829545461874688,IID TEACHING MODEL
8,0.14,0.16279067364994562,1.1627906736499456,0.9796511657937568,IID TEACHING MODEL
8,0.16,0.19047610866728962,1.1904761086672897,0.9761904864165888,IID TEACHING MODEL
8,0.18,0.2195119532203776,1.2195119532203775,0.9725610058474528,IID TEACHING MODEL
8,0.2,0.24999936000000003,1.2499993600000001,0.96875008,IID TEACHING MODEL
8,0.22,0.2820497342702336,1.2820497342702337,0.9647437832162208,IID TEACHING MODEL
8,0.24,0.3157859976216576,1.3157859976216577,0.9605267502972928,IID TEACHING MODEL
8,0.26,0.3513440141842176,1.3513440141842177,0.9560819982269728,IID TEACHING MODEL
8,0.28,0.38887419658895367,1.3888741965889537,0.9513907254263808,IID TEACHING MODEL
8,0.3,0.42854330999999996,1.42854331,0.94643208625,IID TEACHING MODEL
8,0.32,0.4705364935704576,1.4705364935704577,0.9411829383036928,IID TEACHING MODEL
8,0.34,0.5150595197079296,1.5150595197079295,0.9356175600365088,IID TEACHING MODEL
8,0.36,0.5623413125677056,1.5623413125677055,0.9297073359290368,IID TEACHING MODEL
8,0.38,0.6126367482237696,1.6126367482237696,0.9234204064720288,IID TEACHING MODEL
8,0.4,0.6662297600000001,1.6662297600000002,0.91672128,IID TEACHING MODEL
8,0.42,0.7234367734761216,1.7234367734761216,0.9095704033154848,IID TEACHING MODEL
8,0.44,0.7846104967151616,1.7846104967151617,0.9019236879106048,IID TEACHING MODEL
8,0.46,0.8501440922913537,1.8501440922913537,0.8937319884635808,IID TEACHING MODEL
8,0.48,0.9204757587296255,1.9204757587296255,0.8849405301587968,IID TEACHING MODEL
8,0.5,0.99609375,1.99609375,0.87548828125,IID TEACHING MODEL
8,0.52,1.0775418627424256,2.0775418627424256,0.8653072671571969,IID TEACHING MODEL
8,0.54,1.1654254219297537,2.1654254219297537,0.8543218222587807,IID TEACHING MODEL
8,0.56,1.2604177967087618,2.2604177967087615,0.8424477754114048,IID TEACHING MODEL
8,0.58,1.3632674791913213,2.3632674791913213,0.8295915651010848,IID TEACHING MODEL
8,0.6,1.47480576,2.4748057599999997,0.81564928,IID TEACHING MODEL
8,0.62,1.5959550354045695,2.5959550354045695,0.8005056205744288,IID TEACHING MODEL
8,0.64,1.7277377819181057,2.7277377819181057,0.7840327772602368,IID TEACHING MODEL
8,0.66,1.8712862352535298,2.87128623525353,0.7660892205933088,IID TEACHING MODEL
8,0.68,2.027852811573658,3.027852811573658,0.7465183985532928,IID TEACHING MODEL
8,0.7000000000000001,2.1988213100000005,3.1988213100000005,0.7251473362499999,IID TEACHING MODEL
8,0.72,2.3857189363777533,3.3857189363777533,0.7017851329527809,IID TEACHING MODEL
8,0.74,2.5902291893266174,3.5902291893266174,0.6762213513341728,IID TEACHING MODEL
8,0.76,2.814205650639258,3.814205650639258,0.6482242936700928,IID TEACHING MODEL
8,0.78,3.059686723121434,4.059686723121434,0.6175391596098208,IID TEACHING MODEL
8,0.8,3.3289113600000007,4.328911360000001,0.5838860799999999,IID TEACHING MODEL
8,0.8200000000000001,3.6243358310571785,4.624335831057179,0.5469580211178526,IID TEACHING MODEL
8,0.84,3.948651571681689,4.948651571681689,0.5064185535397889,IID TEACHING MODEL
8,0.86,4.304804162059545,5.304804162059545,0.46189947974255685,IID TEACHING MODEL
8,0.88,4.696013484759449,5.696013484759449,0.41299831440506884,IID TEACHING MODEL
8,0.9,5.12579511,6.12579511,0.35927561124999996,IID TEACHING MODEL
8,0.92,5.597982958918043,6.597982958918043,0.30025213013524465,IID TEACHING MODEL
8,0.9400000000000001,6.116753296189723,7.116753296189723,0.23540583797628467,IID TEACHING MODEL
8,0.96,6.686650104387993,7.686650104387993,0.16416873695150092,IID TEACHING MODEL
8,0.98,7.312611893492505,8.312611893492505,0.08592351331343684,IID TEACHING MODEL
8,1.0,8.0,9.0,0.0,IID TEACHING MODEL
