k,alpha,expected_emitted_tokens,break_even_normalized_cycle_cost_boundary_c_k,region_below_boundary,classification
1,0.0,1.0,1.0,SPECULATION LOWER LATENCY if c_k < boundary,IID TEACHING MODEL
1,0.01,1.01,1.01,SPECULATION LOWER LATENCY if c_k < boundary,IID TEACHING MODEL
1,0.02,1.02,1.02,SPECULATION LOWER LATENCY if c_k < boundary,IID TEACHING MODEL
1,0.03,1.03,1.03,SPECULATION LOWER LATENCY if c_k < boundary,IID TEACHING MODEL
1,0.04,1.04,1.04,SPECULATION LOWER LATENCY if c_k < boundary,IID TEACHING MODEL
1,0.05,1.05,1.05,SPECULATION LOWER LATENCY if c_k < boundary,IID TEACHING MODEL
1,0.06,1.06,1.06,SPECULATION LOWER LATENCY if c_k < boundary,IID TEACHING MODEL
1,0.07,1.07,1.07,SPECULATION LOWER LATENCY if c_k < boundary,IID TEACHING MODEL
1,0.08,1.08,1.08,SPECULATION LOWER LATENCY if c_k < boundary,IID TEACHING MODEL
1,0.09,1.09,1.09,SPECULATION LOWER LATENCY if c_k < boundary,IID TEACHING MODEL
1,0.1,1.1,1.1,SPECULATION LOWER LATENCY if c_k < boundary,IID TEACHING MODEL
1,0.11,1.11,1.11,SPECULATION LOWER LATENCY if c_k < boundary,IID TEACHING MODEL
1,0.12,1.12,1.12,SPECULATION LOWER LATENCY if c_k < boundary,IID TEACHING MODEL
1,0.13,1.13,1.13,SPECULATION LOWER LATENCY if c_k < boundary,IID TEACHING MODEL
1,0.14,1.1400000000000001,1.1400000000000001,SPECULATION LOWER LATENCY if c_k < boundary,IID TEACHING MODEL
1,0.15,1.15,1.15,SPECULATION LOWER LATENCY if c_k < boundary,IID TEACHING MODEL
1,0.16,1.16,1.16,SPECULATION LOWER LATENCY if c_k < boundary,IID TEACHING MODEL
1,0.17,1.17,1.17,SPECULATION LOWER LATENCY if c_k < boundary,IID TEACHING MODEL
1,0.18,1.18,1.18,SPECULATION LOWER LATENCY if c_k < boundary,IID TEACHING MODEL
1,0.19,1.19,1.19,SPECULATION LOWER LATENCY if c_k < boundary,IID TEACHING MODEL
1,0.2,1.2,1.2,SPECULATION LOWER LATENCY if c_k < boundary,IID TEACHING MODEL
1,0.21,1.21,1.21,SPECULATION LOWER LATENCY if c_k < boundary,IID TEACHING MODEL
1,0.22,1.22,1.22,SPECULATION LOWER LATENCY if c_k < boundary,IID TEACHING MODEL
1,0.23,1.23,1.23,SPECULATION LOWER LATENCY if c_k < boundary,IID TEACHING MODEL
1,0.24,1.24,1.24,SPECULATION LOWER LATENCY if c_k < boundary,IID TEACHING MODEL
1,0.25,1.25,1.25,SPECULATION LOWER LATENCY if c_k < boundary,IID TEACHING MODEL
1,0.26,1.26,1.26,SPECULATION LOWER LATENCY if c_k < boundary,IID TEACHING MODEL
1,0.27,1.27,1.27,SPECULATION LOWER LATENCY if c_k < boundary,IID TEACHING MODEL
1,0.28,1.28,1.28,SPECULATION LOWER LATENCY if c_k < boundary,IID TEACHING MODEL
1,0.29,1.29,1.29,SPECULATION LOWER LATENCY if c_k < boundary,IID TEACHING MODEL
1,0.3,1.3,1.3,SPECULATION LOWER LATENCY if c_k < boundary,IID TEACHING MODEL
1,0.31,1.31,1.31,SPECULATION LOWER LATENCY if c_k < boundary,IID TEACHING MODEL
1,0.32,1.32,1.32,SPECULATION LOWER LATENCY if c_k < boundary,IID TEACHING MODEL
1,0.33,1.33,1.33,SPECULATION LOWER LATENCY if c_k < boundary,IID TEACHING MODEL
1,0.34,1.34,1.34,SPECULATION LOWER LATENCY if c_k < boundary,IID TEACHING MODEL
1,0.35000000000000003,1.35,1.35,SPECULATION LOWER LATENCY if c_k < boundary,IID TEACHING MODEL
1,0.36,1.3599999999999999,1.3599999999999999,SPECULATION LOWER LATENCY if c_k < boundary,IID TEACHING MODEL
1,0.37,1.37,1.37,SPECULATION LOWER LATENCY if c_k < boundary,IID TEACHING MODEL
1,0.38,1.38,1.38,SPECULATION LOWER LATENCY if c_k < boundary,IID TEACHING MODEL
1,0.39,1.3900000000000001,1.3900000000000001,SPECULATION LOWER LATENCY if c_k < boundary,IID TEACHING MODEL
1,0.4,1.4,1.4,SPECULATION LOWER LATENCY if c_k < boundary,IID TEACHING MODEL
1,0.41000000000000003,1.4100000000000001,1.4100000000000001,SPECULATION LOWER LATENCY if c_k < boundary,IID TEACHING MODEL
1,0.42,1.42,1.42,SPECULATION LOWER LATENCY if c_k < boundary,IID TEACHING MODEL
1,0.43,1.43,1.43,SPECULATION LOWER LATENCY if c_k < boundary,IID TEACHING MODEL
1,0.44,1.44,1.44,SPECULATION LOWER LATENCY if c_k < boundary,IID TEACHING MODEL
1,0.45,1.45,1.45,SPECULATION LOWER LATENCY if c_k < boundary,IID TEACHING MODEL
1,0.46,1.46,1.46,SPECULATION LOWER LATENCY if c_k < boundary,IID TEACHING MODEL
1,0.47000000000000003,1.47,1.47,SPECULATION LOWER LATENCY if c_k < boundary,IID TEACHING MODEL
1,0.48,1.48,1.48,SPECULATION LOWER LATENCY if c_k < boundary,IID TEACHING MODEL
1,0.49,1.49,1.49,SPECULATION LOWER LATENCY if c_k < boundary,IID TEACHING MODEL
1,0.5,1.5,1.5,SPECULATION LOWER LATENCY if c_k < boundary,IID TEACHING MODEL
1,0.51,1.51,1.51,SPECULATION LOWER LATENCY if c_k < boundary,IID TEACHING MODEL
1,0.52,1.52,1.52,SPECULATION LOWER LATENCY if c_k < boundary,IID TEACHING MODEL
1,0.53,1.53,1.53,SPECULATION LOWER LATENCY if c_k < boundary,IID TEACHING MODEL
1,0.54,1.54,1.54,SPECULATION LOWER LATENCY if c_k < boundary,IID TEACHING MODEL
1,0.55,1.55,1.55,SPECULATION LOWER LATENCY if c_k < boundary,IID TEACHING MODEL
1,0.56,1.56,1.56,SPECULATION LOWER LATENCY if c_k < boundary,IID TEACHING MODEL
1,0.5700000000000001,1.57,1.57,SPECULATION LOWER LATENCY if c_k < boundary,IID TEACHING MODEL
1,0.58,1.58,1.58,SPECULATION LOWER LATENCY if c_k < boundary,IID TEACHING MODEL
1,0.59,1.5899999999999999,1.5899999999999999,SPECULATION LOWER LATENCY if c_k < boundary,IID TEACHING MODEL
1,0.6,1.6,1.6,SPECULATION LOWER LATENCY if c_k < boundary,IID TEACHING MODEL
1,0.61,1.6099999999999999,1.6099999999999999,SPECULATION LOWER LATENCY if c_k < boundary,IID TEACHING MODEL
1,0.62,1.62,1.62,SPECULATION LOWER LATENCY if c_k < boundary,IID TEACHING MODEL
1,0.63,1.63,1.63,SPECULATION LOWER LATENCY if c_k < boundary,IID TEACHING MODEL
1,0.64,1.6400000000000001,1.6400000000000001,SPECULATION LOWER LATENCY if c_k < boundary,IID TEACHING MODEL
1,0.65,1.65,1.65,SPECULATION LOWER LATENCY if c_k < boundary,IID TEACHING MODEL
1,0.66,1.6600000000000001,1.6600000000000001,SPECULATION LOWER LATENCY if c_k < boundary,IID TEACHING MODEL
1,0.67,1.67,1.67,SPECULATION LOWER LATENCY if c_k < boundary,IID TEACHING MODEL
1,0.68,1.6800000000000002,1.6800000000000002,SPECULATION LOWER LATENCY if c_k < boundary,IID TEACHING MODEL
1,0.6900000000000001,1.69,1.69,SPECULATION LOWER LATENCY if c_k < boundary,IID TEACHING MODEL
1,0.7000000000000001,1.7000000000000002,1.7000000000000002,SPECULATION LOWER LATENCY if c_k < boundary,IID TEACHING MODEL
1,0.71,1.71,1.71,SPECULATION LOWER LATENCY if c_k < boundary,IID TEACHING MODEL
1,0.72,1.72,1.72,SPECULATION LOWER LATENCY if c_k < boundary,IID TEACHING MODEL
1,0.73,1.73,1.73,SPECULATION LOWER LATENCY if c_k < boundary,IID TEACHING MODEL
1,0.74,1.74,1.74,SPECULATION LOWER LATENCY if c_k < boundary,IID TEACHING MODEL
1,0.75,1.75,1.75,SPECULATION LOWER LATENCY if c_k < boundary,IID TEACHING MODEL
1,0.76,1.76,1.76,SPECULATION LOWER LATENCY if c_k < boundary,IID TEACHING MODEL
1,0.77,1.77,1.77,SPECULATION LOWER LATENCY if c_k < boundary,IID TEACHING MODEL
1,0.78,1.78,1.78,SPECULATION LOWER LATENCY if c_k < boundary,IID TEACHING MODEL
1,0.79,1.79,1.79,SPECULATION LOWER LATENCY if c_k < boundary,IID TEACHING MODEL
1,0.8,1.8,1.8,SPECULATION LOWER LATENCY if c_k < boundary,IID TEACHING MODEL
1,0.81,1.81,1.81,SPECULATION LOWER LATENCY if c_k < boundary,IID TEACHING MODEL
1,0.8200000000000001,1.82,1.82,SPECULATION LOWER LATENCY if c_k < boundary,IID TEACHING MODEL
1,0.8300000000000001,1.83,1.83,SPECULATION LOWER LATENCY if c_k < boundary,IID TEACHING MODEL
1,0.84,1.8399999999999999,1.8399999999999999,SPECULATION LOWER LATENCY if c_k < boundary,IID TEACHING MODEL
1,0.85,1.85,1.85,SPECULATION LOWER LATENCY if c_k < boundary,IID TEACHING MODEL
1,0.86,1.8599999999999999,1.8599999999999999,SPECULATION LOWER LATENCY if c_k < boundary,IID TEACHING MODEL
1,0.87,1.87,1.87,SPECULATION LOWER LATENCY if c_k < boundary,IID TEACHING MODEL
1,0.88,1.88,1.88,SPECULATION LOWER LATENCY if c_k < boundary,IID TEACHING MODEL
1,0.89,1.8900000000000001,1.8900000000000001,SPECULATION LOWER LATENCY if c_k < boundary,IID TEACHING MODEL
1,0.9,1.9,1.9,SPECULATION LOWER LATENCY if c_k < boundary,IID TEACHING MODEL
1,0.91,1.9100000000000001,1.9100000000000001,SPECULATION LOWER LATENCY if c_k < boundary,IID TEACHING MODEL
1,0.92,1.92,1.92,SPECULATION LOWER LATENCY if c_k < boundary,IID TEACHING MODEL
1,0.93,1.9300000000000002,1.9300000000000002,SPECULATION LOWER LATENCY if c_k < boundary,IID TEACHING MODEL
1,0.9400000000000001,1.94,1.94,SPECULATION LOWER LATENCY if c_k < boundary,IID TEACHING MODEL
1,0.9500000000000001,1.9500000000000002,1.9500000000000002,SPECULATION LOWER LATENCY if c_k < boundary,IID TEACHING MODEL
1,0.96,1.96,1.96,SPECULATION LOWER LATENCY if c_k < boundary,IID TEACHING MODEL
1,0.97,1.97,1.97,SPECULATION LOWER LATENCY if c_k < boundary,IID TEACHING MODEL
1,0.98,1.98,1.98,SPECULATION LOWER LATENCY if c_k < boundary,IID TEACHING MODEL
1,0.99,1.99,1.99,SPECULATION LOWER LATENCY if c_k < boundary,IID TEACHING MODEL
1,1.0,2.0,2.0,SPECULATION LOWER LATENCY if c_k < boundary,IID TEACHING MODEL
2,0.0,1.0,1.0,SPECULATION LOWER LATENCY if c_k < boundary,IID TEACHING MODEL
2,0.01,1.0101,1.0101,SPECULATION LOWER LATENCY if c_k < boundary,IID TEACHING MODEL
2,0.02,1.0204,1.0204,SPECULATION LOWER LATENCY if c_k < boundary,IID TEACHING MODEL
2,0.03,1.0309,1.0309,SPECULATION LOWER LATENCY if c_k < boundary,IID TEACHING MODEL
2,0.04,1.0416,1.0416,SPECULATION LOWER LATENCY if c_k < boundary,IID TEACHING MODEL
2,0.05,1.0525,1.0525,SPECULATION LOWER LATENCY if c_k < boundary,IID TEACHING MODEL
2,0.06,1.0636,1.0636,SPECULATION LOWER LATENCY if c_k < boundary,IID TEACHING MODEL
2,0.07,1.0749,1.0749,SPECULATION LOWER LATENCY if c_k < boundary,IID TEACHING MODEL
2,0.08,1.0864,1.0864,SPECULATION LOWER LATENCY if c_k < boundary,IID TEACHING MODEL
2,0.09,1.0981,1.0981,SPECULATION LOWER LATENCY if c_k < boundary,IID TEACHING MODEL
2,0.1,1.11,1.11,SPECULATION LOWER LATENCY if c_k < boundary,IID TEACHING MODEL
2,0.11,1.1221,1.1221,SPECULATION LOWER LATENCY if c_k < boundary,IID TEACHING MODEL
2,0.12,1.1344,1.1344,SPECULATION LOWER LATENCY if c_k < boundary,IID TEACHING MODEL
2,0.13,1.1469,1.1469,SPECULATION LOWER LATENCY if c_k < boundary,IID TEACHING MODEL
2,0.14,1.1596,1.1596,SPECULATION LOWER LATENCY if c_k < boundary,IID TEACHING MODEL
2,0.15,1.1724999999999999,1.1724999999999999,SPECULATION LOWER LATENCY if c_k < boundary,IID TEACHING MODEL
2,0.16,1.1856,1.1856,SPECULATION LOWER LATENCY if c_k < boundary,IID TEACHING MODEL
2,0.17,1.1989,1.1989,SPECULATION LOWER LATENCY if c_k < boundary,IID TEACHING MODEL
2,0.18,1.2124,1.2124,SPECULATION LOWER LATENCY if c_k < boundary,IID TEACHING MODEL
2,0.19,1.2261,1.2261,SPECULATION LOWER LATENCY if c_k < boundary,IID TEACHING MODEL
2,0.2,1.24,1.24,SPECULATION LOWER LATENCY if c_k < boundary,IID TEACHING MODEL
2,0.21,1.2541,1.2541,SPECULATION LOWER LATENCY if c_k < boundary,IID TEACHING MODEL
2,0.22,1.2684,1.2684,SPECULATION LOWER LATENCY if c_k < boundary,IID TEACHING MODEL
2,0.23,1.2829000000000002,1.2829000000000002,SPECULATION LOWER LATENCY if c_k < boundary,IID TEACHING MODEL
2,0.24,1.2976,1.2976,SPECULATION LOWER LATENCY if c_k < boundary,IID TEACHING MODEL
2,0.25,1.3125,1.3125,SPECULATION LOWER LATENCY if c_k < boundary,IID TEACHING MODEL
2,0.26,1.3276,1.3276,SPECULATION LOWER LATENCY if c_k < boundary,IID TEACHING MODEL
2,0.27,1.3429,1.3429,SPECULATION LOWER LATENCY if c_k < boundary,IID TEACHING MODEL
2,0.28,1.3584,1.3584,SPECULATION LOWER LATENCY if c_k < boundary,IID TEACHING MODEL
2,0.29,1.3740999999999999,1.3740999999999999,SPECULATION LOWER LATENCY if c_k < boundary,IID TEACHING MODEL
2,0.3,1.3900000000000001,1.3900000000000001,SPECULATION LOWER LATENCY if c_k < boundary,IID TEACHING MODEL
2,0.31,1.4061,1.4061,SPECULATION LOWER LATENCY if c_k < boundary,IID TEACHING MODEL
2,0.32,1.4224,1.4224,SPECULATION LOWER LATENCY if c_k < boundary,IID TEACHING MODEL
2,0.33,1.4389,1.4389,SPECULATION LOWER LATENCY if c_k < boundary,IID TEACHING MODEL
2,0.34,1.4556,1.4556,SPECULATION LOWER LATENCY if c_k < boundary,IID TEACHING MODEL
2,0.35000000000000003,1.4725000000000001,1.4725000000000001,SPECULATION LOWER LATENCY if c_k < boundary,IID TEACHING MODEL
2,0.36,1.4896,1.4896,SPECULATION LOWER LATENCY if c_k < boundary,IID TEACHING MODEL
2,0.37,1.5069,1.5069,SPECULATION LOWER LATENCY if c_k < boundary,IID TEACHING MODEL
2,0.38,1.5244,1.5244,SPECULATION LOWER LATENCY if c_k < boundary,IID TEACHING MODEL
2,0.39,1.5421,1.5421,SPECULATION LOWER LATENCY if c_k < boundary,IID TEACHING MODEL
2,0.4,1.56,1.56,SPECULATION LOWER LATENCY if c_k < boundary,IID TEACHING MODEL
2,0.41000000000000003,1.5781,1.5781,SPECULATION LOWER LATENCY if c_k < boundary,IID TEACHING MODEL
2,0.42,1.5964,1.5964,SPECULATION LOWER LATENCY if c_k < boundary,IID TEACHING MODEL
2,0.43,1.6149,1.6149,SPECULATION LOWER LATENCY if c_k < boundary,IID TEACHING MODEL
2,0.44,1.6336,1.6336,SPECULATION LOWER LATENCY if c_k < boundary,IID TEACHING MODEL
2,0.45,1.6525,1.6525,SPECULATION LOWER LATENCY if c_k < boundary,IID TEACHING MODEL
2,0.46,1.6716,1.6716,SPECULATION LOWER LATENCY if c_k < boundary,IID TEACHING MODEL
2,0.47000000000000003,1.6909,1.6909,SPECULATION LOWER LATENCY if c_k < boundary,IID TEACHING MODEL
2,0.48,1.7104,1.7104,SPECULATION LOWER LATENCY if c_k < boundary,IID TEACHING MODEL
2,0.49,1.7301,1.7301,SPECULATION LOWER LATENCY if c_k < boundary,IID TEACHING MODEL
2,0.5,1.75,1.75,SPECULATION LOWER LATENCY if c_k < boundary,IID TEACHING MODEL
2,0.51,1.7701,1.7701,SPECULATION LOWER LATENCY if c_k < boundary,IID TEACHING MODEL
2,0.52,1.7904,1.7904,SPECULATION LOWER LATENCY if c_k < boundary,IID TEACHING MODEL
2,0.53,1.8109000000000002,1.8109000000000002,SPECULATION LOWER LATENCY if c_k < boundary,IID TEACHING MODEL
2,0.54,1.8316000000000001,1.8316000000000001,SPECULATION LOWER LATENCY if c_k < boundary,IID TEACHING MODEL
2,0.55,1.8525,1.8525,SPECULATION LOWER LATENCY if c_k < boundary,IID TEACHING MODEL
2,0.56,1.8736000000000002,1.8736000000000002,SPECULATION LOWER LATENCY if c_k < boundary,IID TEACHING MODEL
2,0.5700000000000001,1.8949000000000003,1.8949000000000003,SPECULATION LOWER LATENCY if c_k < boundary,IID TEACHING MODEL
2,0.58,1.9163999999999999,1.9163999999999999,SPECULATION LOWER LATENCY if c_k < boundary,IID TEACHING MODEL
2,0.59,1.9381,1.9381,SPECULATION LOWER LATENCY if c_k < boundary,IID TEACHING MODEL
2,0.6,1.96,1.96,SPECULATION LOWER LATENCY if c_k < boundary,IID TEACHING MODEL
2,0.61,1.9821,1.9821,SPECULATION LOWER LATENCY if c_k < boundary,IID TEACHING MODEL
2,0.62,2.0044,2.0044,SPECULATION LOWER LATENCY if c_k < boundary,IID TEACHING MODEL
2,0.63,2.0269,2.0269,SPECULATION LOWER LATENCY if c_k < boundary,IID TEACHING MODEL
2,0.64,2.0496,2.0496,SPECULATION LOWER LATENCY if c_k < boundary,IID TEACHING MODEL
2,0.65,2.0725,2.0725,SPECULATION LOWER LATENCY if c_k < boundary,IID TEACHING MODEL
2,0.66,2.0956,2.0956,SPECULATION LOWER LATENCY if c_k < boundary,IID TEACHING MODEL
2,0.67,2.1189,2.1189,SPECULATION LOWER LATENCY if c_k < boundary,IID TEACHING MODEL
2,0.68,2.1424000000000003,2.1424000000000003,SPECULATION LOWER LATENCY if c_k < boundary,IID TEACHING MODEL
2,0.6900000000000001,2.1661,2.1661,SPECULATION LOWER LATENCY if c_k < boundary,IID TEACHING MODEL
2,0.7000000000000001,2.1900000000000004,2.1900000000000004,SPECULATION LOWER LATENCY if c_k < boundary,IID TEACHING MODEL
2,0.71,2.2141,2.2141,SPECULATION LOWER LATENCY if c_k < boundary,IID TEACHING MODEL
2,0.72,2.2384,2.2384,SPECULATION LOWER LATENCY if c_k < boundary,IID TEACHING MODEL
2,0.73,2.2629,2.2629,SPECULATION LOWER LATENCY if c_k < boundary,IID TEACHING MODEL
2,0.74,2.2876,2.2876,SPECULATION LOWER LATENCY if c_k < boundary,IID TEACHING MODEL
2,0.75,2.3125,2.3125,SPECULATION LOWER LATENCY if c_k < boundary,IID TEACHING MODEL
2,0.76,2.3376,2.3376,SPECULATION LOWER LATENCY if c_k < boundary,IID TEACHING MODEL
2,0.77,2.3629,2.3629,SPECULATION LOWER LATENCY if c_k < boundary,IID TEACHING MODEL
2,0.78,2.3884,2.3884,SPECULATION LOWER LATENCY if c_k < boundary,IID TEACHING MODEL
2,0.79,2.4141000000000004,2.4141000000000004,SPECULATION LOWER LATENCY if c_k < boundary,IID TEACHING MODEL
2,0.8,2.4400000000000004,2.4400000000000004,SPECULATION LOWER LATENCY if c_k < boundary,IID TEACHING MODEL
2,0.81,2.4661,2.4661,SPECULATION LOWER LATENCY if c_k < boundary,IID TEACHING MODEL
2,0.8200000000000001,2.4924,2.4924,SPECULATION LOWER LATENCY if c_k < boundary,IID TEACHING MODEL
2,0.8300000000000001,2.5189000000000004,2.5189000000000004,SPECULATION LOWER LATENCY if c_k < boundary,IID TEACHING MODEL
2,0.84,2.5456,2.5456,SPECULATION LOWER LATENCY if c_k < boundary,IID TEACHING MODEL
2,0.85,2.5725,2.5725,SPECULATION LOWER LATENCY if c_k < boundary,IID TEACHING MODEL
2,0.86,2.5995999999999997,2.5995999999999997,SPECULATION LOWER LATENCY if c_k < boundary,IID TEACHING MODEL
2,0.87,2.6269,2.6269,SPECULATION LOWER LATENCY if c_k < boundary,IID TEACHING MODEL
2,0.88,2.6544,2.6544,SPECULATION LOWER LATENCY if c_k < boundary,IID TEACHING MODEL
2,0.89,2.6821,2.6821,SPECULATION LOWER LATENCY if c_k < boundary,IID TEACHING MODEL
2,0.9,2.71,2.71,SPECULATION LOWER LATENCY if c_k < boundary,IID TEACHING MODEL
2,0.91,2.7381,2.7381,SPECULATION LOWER LATENCY if c_k < boundary,IID TEACHING MODEL
2,0.92,2.7664,2.7664,SPECULATION LOWER LATENCY if c_k < boundary,IID TEACHING MODEL
2,0.93,2.7949,2.7949,SPECULATION LOWER LATENCY if c_k < boundary,IID TEACHING MODEL
2,0.9400000000000001,2.8236000000000003,2.8236000000000003,SPECULATION LOWER LATENCY if c_k < boundary,IID TEACHING MODEL
2,0.9500000000000001,2.8525,2.8525,SPECULATION LOWER LATENCY if c_k < boundary,IID TEACHING MODEL
2,0.96,2.8815999999999997,2.8815999999999997,SPECULATION LOWER LATENCY if c_k < boundary,IID TEACHING MODEL
2,0.97,2.9109,2.9109,SPECULATION LOWER LATENCY if c_k < boundary,IID TEACHING MODEL
2,0.98,2.9404,2.9404,SPECULATION LOWER LATENCY if c_k < boundary,IID TEACHING MODEL
2,0.99,2.9701,2.9701,SPECULATION LOWER LATENCY if c_k < boundary,IID TEACHING MODEL
2,1.0,3.0,3.0,SPECULATION LOWER LATENCY if c_k < boundary,IID TEACHING MODEL
4,0.0,1.0,1.0,SPECULATION LOWER LATENCY if c_k < boundary,IID TEACHING MODEL
4,0.01,1.01010101,1.01010101,SPECULATION LOWER LATENCY if c_k < boundary,IID TEACHING MODEL
4,0.02,1.02040816,1.02040816,SPECULATION LOWER LATENCY if c_k < boundary,IID TEACHING MODEL
4,0.03,1.0309278100000001,1.0309278100000001,SPECULATION LOWER LATENCY if c_k < boundary,IID TEACHING MODEL
4,0.04,1.04166656,1.04166656,SPECULATION LOWER LATENCY if c_k < boundary,IID TEACHING MODEL
4,0.05,1.05263125,1.05263125,SPECULATION LOWER LATENCY if c_k < boundary,IID TEACHING MODEL
4,0.06,1.06382896,1.06382896,SPECULATION LOWER LATENCY if c_k < boundary,IID TEACHING MODEL
4,0.07,1.07526701,1.07526701,SPECULATION LOWER LATENCY if c_k < boundary,IID TEACHING MODEL
4,0.08,1.08695296,1.08695296,SPECULATION LOWER LATENCY if c_k < boundary,IID TEACHING MODEL
4,0.09,1.0988946099999999,1.0988946099999999,SPECULATION LOWER LATENCY if c_k < boundary,IID TEACHING MODEL
4,0.1,1.1111,1.1111,SPECULATION LOWER LATENCY if c_k < boundary,IID TEACHING MODEL
4,0.11,1.12357741,1.12357741,SPECULATION LOWER LATENCY if c_k < boundary,IID TEACHING MODEL
4,0.12,1.13633536,1.13633536,SPECULATION LOWER LATENCY if c_k < boundary,IID TEACHING MODEL
4,0.13,1.14938261,1.14938261,SPECULATION LOWER LATENCY if c_k < boundary,IID TEACHING MODEL
4,0.14,1.16272816,1.16272816,SPECULATION LOWER LATENCY if c_k < boundary,IID TEACHING MODEL
4,0.15,1.17638125,1.17638125,SPECULATION LOWER LATENCY if c_k < boundary,IID TEACHING MODEL
4,0.16,1.19035136,1.19035136,SPECULATION LOWER LATENCY if c_k < boundary,IID TEACHING MODEL
4,0.17,1.20464821,1.20464821,SPECULATION LOWER LATENCY if c_k < boundary,IID TEACHING MODEL
4,0.18,1.2192817599999999,1.2192817599999999,SPECULATION LOWER LATENCY if c_k < boundary,IID TEACHING MODEL
4,0.19,1.23426221,1.23426221,SPECULATION LOWER LATENCY if c_k < boundary,IID TEACHING MODEL
4,0.2,1.2496,1.2496,SPECULATION LOWER LATENCY if c_k < boundary,IID TEACHING MODEL
4,0.21,1.26530581,1.26530581,SPECULATION LOWER LATENCY if c_k < boundary,IID TEACHING MODEL
4,0.22,1.28139056,1.28139056,SPECULATION LOWER LATENCY if c_k < boundary,IID TEACHING MODEL
4,0.23,1.29786541,1.29786541,SPECULATION LOWER LATENCY if c_k < boundary,IID TEACHING MODEL
4,0.24,1.31474176,1.31474176,SPECULATION LOWER LATENCY if c_k < boundary,IID TEACHING MODEL
4,0.25,1.33203125,1.33203125,SPECULATION LOWER LATENCY if c_k < boundary,IID TEACHING MODEL
4,0.26,1.34974576,1.34974576,SPECULATION LOWER LATENCY if c_k < boundary,IID TEACHING MODEL
4,0.27,1.36789741,1.36789741,SPECULATION LOWER LATENCY if c_k < boundary,IID TEACHING MODEL
4,0.28,1.3864985600000002,1.3864985600000002,SPECULATION LOWER LATENCY if c_k < boundary,IID TEACHING MODEL
4,0.29,1.40556181,1.40556181,SPECULATION LOWER LATENCY if c_k < boundary,IID TEACHING MODEL
4,0.3,1.4251,1.4251,SPECULATION LOWER LATENCY if c_k < boundary,IID TEACHING MODEL
4,0.31,1.44512621,1.44512621,SPECULATION LOWER LATENCY if c_k < boundary,IID TEACHING MODEL
4,0.32,1.46565376,1.46565376,SPECULATION LOWER LATENCY if c_k < boundary,IID TEACHING MODEL
4,0.33,1.48669621,1.48669621,SPECULATION LOWER LATENCY if c_k < boundary,IID TEACHING MODEL
4,0.34,1.50826736,1.50826736,SPECULATION LOWER LATENCY if c_k < boundary,IID TEACHING MODEL
4,0.35000000000000003,1.53038125,1.53038125,SPECULATION LOWER LATENCY if c_k < boundary,IID TEACHING MODEL
4,0.36,1.55305216,1.55305216,SPECULATION LOWER LATENCY if c_k < boundary,IID TEACHING MODEL
4,0.37,1.57629461,1.57629461,SPECULATION LOWER LATENCY if c_k < boundary,IID TEACHING MODEL
4,0.38,1.60012336,1.60012336,SPECULATION LOWER LATENCY if c_k < boundary,IID TEACHING MODEL
4,0.39,1.62455341,1.62455341,SPECULATION LOWER LATENCY if c_k < boundary,IID TEACHING MODEL
4,0.4,1.6496,1.6496,SPECULATION LOWER LATENCY if c_k < boundary,IID TEACHING MODEL
4,0.41000000000000003,1.6752786100000001,1.6752786100000001,SPECULATION LOWER LATENCY if c_k < boundary,IID TEACHING MODEL
4,0.42,1.70160496,1.70160496,SPECULATION LOWER LATENCY if c_k < boundary,IID TEACHING MODEL
4,0.43,1.7285950099999998,1.7285950099999998,SPECULATION LOWER LATENCY if c_k < boundary,IID TEACHING MODEL
4,0.44,1.75626496,1.75626496,SPECULATION LOWER LATENCY if c_k < boundary,IID TEACHING MODEL
4,0.45,1.78463125,1.78463125,SPECULATION LOWER LATENCY if c_k < boundary,IID TEACHING MODEL
4,0.46,1.81371056,1.81371056,SPECULATION LOWER LATENCY if c_k < boundary,IID TEACHING MODEL
4,0.47000000000000003,1.84351981,1.84351981,SPECULATION LOWER LATENCY if c_k < boundary,IID TEACHING MODEL
4,0.48,1.87407616,1.87407616,SPECULATION LOWER LATENCY if c_k < boundary,IID TEACHING MODEL
4,0.49,1.90539701,1.90539701,SPECULATION LOWER LATENCY if c_k < boundary,IID TEACHING MODEL
4,0.5,1.9375,1.9375,SPECULATION LOWER LATENCY if c_k < boundary,IID TEACHING MODEL
4,0.51,1.97040301,1.97040301,SPECULATION LOWER LATENCY if c_k < boundary,IID TEACHING MODEL
4,0.52,2.00412416,2.00412416,SPECULATION LOWER LATENCY if c_k < boundary,IID TEACHING MODEL
4,0.53,2.03868181,2.03868181,SPECULATION LOWER LATENCY if c_k < boundary,IID TEACHING MODEL
4,0.54,2.07409456,2.07409456,SPECULATION LOWER LATENCY if c_k < boundary,IID TEACHING MODEL
4,0.55,2.11038125,2.11038125,SPECULATION LOWER LATENCY if c_k < boundary,IID TEACHING MODEL
4,0.56,2.1475609600000003,2.1475609600000003,SPECULATION LOWER LATENCY if c_k < boundary,IID TEACHING MODEL
4,0.5700000000000001,2.1856530100000002,2.1856530100000002,SPECULATION LOWER LATENCY if c_k < boundary,IID TEACHING MODEL
4,0.58,2.22467696,2.22467696,SPECULATION LOWER LATENCY if c_k < boundary,IID TEACHING MODEL
4,0.59,2.2646526099999997,2.2646526099999997,SPECULATION LOWER LATENCY if c_k < boundary,IID TEACHING MODEL
4,0.6,2.3056,2.3056,SPECULATION LOWER LATENCY if c_k < boundary,IID TEACHING MODEL
4,0.61,2.34753941,2.34753941,SPECULATION LOWER LATENCY if c_k < boundary,IID TEACHING MODEL
4,0.62,2.39049136,2.39049136,SPECULATION LOWER LATENCY if c_k < boundary,IID TEACHING MODEL
4,0.63,2.43447661,2.43447661,SPECULATION LOWER LATENCY if c_k < boundary,IID TEACHING MODEL
4,0.64,2.47951616,2.47951616,SPECULATION LOWER LATENCY if c_k < boundary,IID TEACHING MODEL
4,0.65,2.52563125,2.52563125,SPECULATION LOWER LATENCY if c_k < boundary,IID TEACHING MODEL
4,0.66,2.5728433600000002,2.5728433600000002,SPECULATION LOWER LATENCY if c_k < boundary,IID TEACHING MODEL
4,0.67,2.6211742100000004,2.6211742100000004,SPECULATION LOWER LATENCY if c_k < boundary,IID TEACHING MODEL
4,0.68,2.67064576,2.67064576,SPECULATION LOWER LATENCY if c_k < boundary,IID TEACHING MODEL
4,0.6900000000000001,2.72128021,2.72128021,SPECULATION LOWER LATENCY if c_k < boundary,IID TEACHING MODEL
4,0.7000000000000001,2.7731000000000003,2.7731000000000003,SPECULATION LOWER LATENCY if c_k < boundary,IID TEACHING MODEL
4,0.71,2.82612781,2.82612781,SPECULATION LOWER LATENCY if c_k < boundary,IID TEACHING MODEL
4,0.72,2.88038656,2.88038656,SPECULATION LOWER LATENCY if c_k < boundary,IID TEACHING MODEL
4,0.73,2.9358994099999998,2.9358994099999998,SPECULATION LOWER LATENCY if c_k < boundary,IID TEACHING MODEL
4,0.74,2.99268976,2.99268976,SPECULATION LOWER LATENCY if c_k < boundary,IID TEACHING MODEL
4,0.75,3.05078125,3.05078125,SPECULATION LOWER LATENCY if c_k < boundary,IID TEACHING MODEL
4,0.76,3.11019776,3.11019776,SPECULATION LOWER LATENCY if c_k < boundary,IID TEACHING MODEL
4,0.77,3.17096341,3.17096341,SPECULATION LOWER LATENCY if c_k < boundary,IID TEACHING MODEL
4,0.78,3.2331025600000003,3.2331025600000003,SPECULATION LOWER LATENCY if c_k < boundary,IID TEACHING MODEL
4,0.79,3.2966398100000003,3.2966398100000003,SPECULATION LOWER LATENCY if c_k < boundary,IID TEACHING MODEL
4,0.8,3.3616,3.3616,SPECULATION LOWER LATENCY if c_k < boundary,IID TEACHING MODEL
4,0.81,3.4280082100000002,3.4280082100000002,SPECULATION LOWER LATENCY if c_k < boundary,IID TEACHING MODEL
4,0.8200000000000001,3.4958897600000003,3.4958897600000003,SPECULATION LOWER LATENCY if c_k < boundary,IID TEACHING MODEL
4,0.8300000000000001,3.5652702100000004,3.5652702100000004,SPECULATION LOWER LATENCY if c_k < boundary,IID TEACHING MODEL
4,0.84,3.6361753599999997,3.6361753599999997,SPECULATION LOWER LATENCY if c_k < boundary,IID TEACHING MODEL
4,0.85,3.70863125,3.70863125,SPECULATION LOWER LATENCY if c_k < boundary,IID TEACHING MODEL
4,0.86,3.78266416,3.78266416,SPECULATION LOWER LATENCY if c_k < boundary,IID TEACHING MODEL
4,0.87,3.8583006099999997,3.8583006099999997,SPECULATION LOWER LATENCY if c_k < boundary,IID TEACHING MODEL
4,0.88,3.93556736,3.93556736,SPECULATION LOWER LATENCY if c_k < boundary,IID TEACHING MODEL
4,0.89,4.01449141,4.01449141,SPECULATION LOWER LATENCY if c_k < boundary,IID TEACHING MODEL
4,0.9,4.0951,4.0951,SPECULATION LOWER LATENCY if c_k < boundary,IID TEACHING MODEL
4,0.91,4.17742061,4.17742061,SPECULATION LOWER LATENCY if c_k < boundary,IID TEACHING MODEL
4,0.92,4.26148096,4.26148096,SPECULATION LOWER LATENCY if c_k < boundary,IID TEACHING MODEL
4,0.93,4.34730901,4.34730901,SPECULATION LOWER LATENCY if c_k < boundary,IID TEACHING MODEL
4,0.9400000000000001,4.43493296,4.43493296,SPECULATION LOWER LATENCY if c_k < boundary,IID TEACHING MODEL
4,0.9500000000000001,4.524381250000001,4.524381250000001,SPECULATION LOWER LATENCY if c_k < boundary,IID TEACHING MODEL
4,0.96,4.61568256,4.61568256,SPECULATION LOWER LATENCY if c_k < boundary,IID TEACHING MODEL
4,0.97,4.70886581,4.70886581,SPECULATION LOWER LATENCY if c_k < boundary,IID TEACHING MODEL
4,0.98,4.80396016,4.80396016,SPECULATION LOWER LATENCY if c_k < boundary,IID TEACHING MODEL
4,0.99,4.90099501,4.90099501,SPECULATION LOWER LATENCY if c_k < boundary,IID TEACHING MODEL
4,1.0,5.0,5.0,SPECULATION LOWER LATENCY if c_k < boundary,IID TEACHING MODEL
8,0.0,1.0,1.0,SPECULATION LOWER LATENCY if c_k < boundary,IID TEACHING MODEL
8,0.01,1.0101010101010102,1.0101010101010102,SPECULATION LOWER LATENCY if c_k < boundary,IID TEACHING MODEL
8,0.02,1.0204081632653057,1.0204081632653057,SPECULATION LOWER LATENCY if c_k < boundary,IID TEACHING MODEL
8,0.03,1.030927835051526,1.030927835051526,SPECULATION LOWER LATENCY if c_k < boundary,IID TEACHING MODEL
8,0.04,1.0416666666663936,1.0416666666663936,SPECULATION LOWER LATENCY if c_k < boundary,IID TEACHING MODEL
8,0.05,1.0526315789453125,1.0526315789453125,SPECULATION LOWER LATENCY if c_k < boundary,IID TEACHING MODEL
8,0.06,1.0638297872233216,1.0638297872233216,SPECULATION LOWER LATENCY if c_k < boundary,IID TEACHING MODEL
8,0.07,1.0752688171609102,1.0752688171609102,SPECULATION LOWER LATENCY if c_k < boundary,IID TEACHING MODEL
8,0.08,1.0869565215932415,1.0869565215932415,SPECULATION LOWER LATENCY if c_k < boundary,IID TEACHING MODEL
8,0.09,1.098901098475362,1.098901098475362,SPECULATION LOWER LATENCY if c_k < boundary,IID TEACHING MODEL
8,0.1,1.11111111,1.11111111,SPECULATION LOWER LATENCY if c_k < boundary,IID TEACHING MODEL
8,0.11,1.123595502968598,1.123595502968598,SPECULATION LOWER LATENCY if c_k < boundary,IID TEACHING MODEL
8,0.12,1.1363636305002496,1.1363636305002496,SPECULATION LOWER LATENCY if c_k < boundary,IID TEACHING MODEL
8,0.13,1.149425275167242,1.149425275167242,SPECULATION LOWER LATENCY if c_k < boundary,IID TEACHING MODEL
8,0.14,1.1627906736499456,1.1627906736499456,SPECULATION LOWER LATENCY if c_k < boundary,IID TEACHING MODEL
8,0.15,1.1764705430078124,1.1764705430078124,SPECULATION LOWER LATENCY if c_k < boundary,IID TEACHING MODEL
8,0.16,1.1904761086672897,1.1904761086672897,SPECULATION LOWER LATENCY if c_k < boundary,IID TEACHING MODEL
8,0.17,1.204819134231474,1.204819134231474,SPECULATION LOWER LATENCY if c_k < boundary,IID TEACHING MODEL
8,0.18,1.2195119532203775,1.2195119532203775,SPECULATION LOWER LATENCY if c_k < boundary,IID TEACHING MODEL
8,0.19,1.234567502854694,1.234567502854694,SPECULATION LOWER LATENCY if c_k < boundary,IID TEACHING MODEL
8,0.2,1.2499993600000001,1.2499993600000001,SPECULATION LOWER LATENCY if c_k < boundary,IID TEACHING MODEL
8,0.21,1.265821779392346,1.265821779392346,SPECULATION LOWER LATENCY if c_k < boundary,IID TEACHING MODEL
8,0.22,1.2820497342702337,1.2820497342702337,SPECULATION LOWER LATENCY if c_k < boundary,IID TEACHING MODEL
8,0.23,1.2986989595419982,1.2986989595419982,SPECULATION LOWER LATENCY if c_k < boundary,IID TEACHING MODEL
8,0.24,1.3157859976216577,1.3157859976216577,SPECULATION LOWER LATENCY if c_k < boundary,IID TEACHING MODEL
8,0.25,1.3333282470703125,1.3333282470703125,SPECULATION LOWER LATENCY if c_k < boundary,IID TEACHING MODEL
8,0.26,1.3513440141842177,1.3513440141842177,SPECULATION LOWER LATENCY if c_k < boundary,IID TEACHING MODEL
8,0.27,1.3698525676746782,1.3698525676746782,SPECULATION LOWER LATENCY if c_k < boundary,IID TEACHING MODEL
8,0.28,1.3888741965889537,1.3888741965889537,SPECULATION LOWER LATENCY if c_k < boundary,IID TEACHING MODEL
8,0.29,1.408430271625386,1.408430271625386,SPECULATION LOWER LATENCY if c_k < boundary,IID TEACHING MODEL
8,0.3,1.42854331,1.42854331,SPECULATION LOWER LATENCY if c_k < boundary,IID TEACHING MODEL
8,0.31,1.4492370440258542,1.4492370440258542,SPECULATION LOWER LATENCY if c_k < boundary,IID TEACHING MODEL
8,0.32,1.4705364935704577,1.4705364935704577,SPECULATION LOWER LATENCY if c_k < boundary,IID TEACHING MODEL
8,0.33,1.492468042560594,1.492468042560594,SPECULATION LOWER LATENCY if c_k < boundary,IID TEACHING MODEL
8,0.34,1.5150595197079295,1.5150595197079295,SPECULATION LOWER LATENCY if c_k < boundary,IID TEACHING MODEL
8,0.35000000000000003,1.5383402836328126,1.5383402836328126,SPECULATION LOWER LATENCY if c_k < boundary,IID TEACHING MODEL
8,0.36,1.5623413125677055,1.5623413125677055,SPECULATION LOWER LATENCY if c_k < boundary,IID TEACHING MODEL
8,0.37,1.587095298825722,1.587095298825722,SPECULATION LOWER LATENCY if c_k < boundary,IID TEACHING MODEL
8,0.38,1.6126367482237696,1.6126367482237696,SPECULATION LOWER LATENCY if c_k < boundary,IID TEACHING MODEL
8,0.39,1.6390020846538382,1.6390020846538382,SPECULATION LOWER LATENCY if c_k < boundary,IID TEACHING MODEL
8,0.4,1.6662297600000002,1.6662297600000002,SPECULATION LOWER LATENCY if c_k < boundary,IID TEACHING MODEL
8,0.41000000000000003,1.6943603696027223,1.6943603696027223,SPECULATION LOWER LATENCY if c_k < boundary,IID TEACHING MODEL
8,0.42,1.7234367734761216,1.7234367734761216,SPECULATION LOWER LATENCY if c_k < boundary,IID TEACHING MODEL
8,0.43,1.75350422348783,1.75350422348783,SPECULATION LOWER LATENCY if c_k < boundary,IID TEACHING MODEL
8,0.44,1.7846104967151617,1.7846104967151617,SPECULATION LOWER LATENCY if c_k < boundary,IID TEACHING MODEL
8,0.45,1.8168060351953126,1.8168060351953126,SPECULATION LOWER LATENCY if c_k < boundary,IID TEACHING MODEL
8,0.46,1.8501440922913537,1.8501440922913537,SPECULATION LOWER LATENCY if c_k < boundary,IID TEACHING MODEL
8,0.47000000000000003,1.8846808858998063,1.8846808858998063,SPECULATION LOWER LATENCY if c_k < boundary,IID TEACHING MODEL
8,0.48,1.9204757587296255,1.9204757587296255,SPECULATION LOWER LATENCY if c_k < boundary,IID TEACHING MODEL
8,0.49,1.95759134588645,1.95759134588645,SPECULATION LOWER LATENCY if c_k < boundary,IID TEACHING MODEL
8,0.5,1.99609375,1.99609375,SPECULATION LOWER LATENCY if c_k < boundary,IID TEACHING MODEL
8,0.51,2.03605272413655,2.03605272413655,SPECULATION LOWER LATENCY if c_k < boundary,IID TEACHING MODEL
8,0.52,2.0775418627424256,2.0775418627424256,SPECULATION LOWER LATENCY if c_k < boundary,IID TEACHING MODEL
8,0.53,2.120638800868506,2.120638800868506,SPECULATION LOWER LATENCY if c_k < boundary,IID TEACHING MODEL
8,0.54,2.1654254219297537,2.1654254219297537,SPECULATION LOWER LATENCY if c_k < boundary,IID TEACHING MODEL
8,0.55,2.2119880742578126,2.2119880742578126,SPECULATION LOWER LATENCY if c_k < boundary,IID TEACHING MODEL
8,0.56,2.2604177967087615,2.2604177967087615,SPECULATION LOWER LATENCY if c_k < boundary,IID TEACHING MODEL
8,0.5700000000000001,2.3108105535921304,2.3108105535921304,SPECULATION LOWER LATENCY if c_k < boundary,IID TEACHING MODEL
8,0.58,2.3632674791913213,2.3632674791913213,SPECULATION LOWER LATENCY if c_k < boundary,IID TEACHING MODEL
8,0.59,2.417895132149622,2.417895132149622,SPECULATION LOWER LATENCY if c_k < boundary,IID TEACHING MODEL
8,0.6,2.4748057599999997,2.4748057599999997,SPECULATION LOWER LATENCY if c_k < boundary,IID TEACHING MODEL
8,0.61,2.534117574120938,2.534117574120938,SPECULATION LOWER LATENCY if c_k < boundary,IID TEACHING MODEL
8,0.62,2.5959550354045695,2.5959550354045695,SPECULATION LOWER LATENCY if c_k < boundary,IID TEACHING MODEL
8,0.63,2.6604491509274224,2.6604491509274224,SPECULATION LOWER LATENCY if c_k < boundary,IID TEACHING MODEL
8,0.64,2.7277377819181057,2.7277377819181057,SPECULATION LOWER LATENCY if c_k < boundary,IID TEACHING MODEL
8,0.65,2.797965963320313,2.797965963320313,SPECULATION LOWER LATENCY if c_k < boundary,IID TEACHING MODEL
8,0.66,2.87128623525353,2.87128623525353,SPECULATION LOWER LATENCY if c_k < boundary,IID TEACHING MODEL
8,0.67,2.947858986677894,2.947858986677894,SPECULATION LOWER LATENCY if c_k < boundary,IID TEACHING MODEL
8,0.68,3.027852811573658,3.027852811573658,SPECULATION LOWER LATENCY if c_k < boundary,IID TEACHING MODEL
8,0.6900000000000001,3.1114448779497548,3.1114448779497548,SPECULATION LOWER LATENCY if c_k < boundary,IID TEACHING MODEL
8,0.7000000000000001,3.1988213100000005,3.1988213100000005,SPECULATION LOWER LATENCY if c_k < boundary,IID TEACHING MODEL
8,0.71,3.290177583729486,3.290177583729486,SPECULATION LOWER LATENCY if c_k < boundary,IID TEACHING MODEL
8,0.72,3.3857189363777533,3.3857189363777533,SPECULATION LOWER LATENCY if c_k < boundary,IID TEACHING MODEL
8,0.73,3.4856607899693777,3.4856607899693777,SPECULATION LOWER LATENCY if c_k < boundary,IID TEACHING MODEL
8,0.74,3.5902291893266174,3.5902291893266174,SPECULATION LOWER LATENCY if c_k < boundary,IID TEACHING MODEL
8,0.75,3.6996612548828125,3.6996612548828125,SPECULATION LOWER LATENCY if c_k < boundary,IID TEACHING MODEL
8,0.76,3.814205650639258,3.814205650639258,SPECULATION LOWER LATENCY if c_k < boundary,IID TEACHING MODEL
8,0.77,3.934123067612298,3.934123067612298,SPECULATION LOWER LATENCY if c_k < boundary,IID TEACHING MODEL
8,0.78,4.059686723121434,4.059686723121434,SPECULATION LOWER LATENCY if c_k < boundary,IID TEACHING MODEL
8,0.79,4.191182876273247,4.191182876273247,SPECULATION LOWER LATENCY if c_k < boundary,IID TEACHING MODEL
8,0.8,4.328911360000001,4.328911360000001,SPECULATION LOWER LATENCY if c_k < boundary,IID TEACHING MODEL
8,0.81,4.473186130015795,4.473186130015795,SPECULATION LOWER LATENCY if c_k < boundary,IID TEACHING MODEL
8,0.8200000000000001,4.624335831057179,4.624335831057179,SPECULATION LOWER LATENCY if c_k < boundary,IID TEACHING MODEL
8,0.8300000000000001,4.782704380779175,4.782704380779175,SPECULATION LOWER LATENCY if c_k < boundary,IID TEACHING MODEL
8,0.84,4.948651571681689,4.948651571681689,SPECULATION LOWER LATENCY if c_k < boundary,IID TEACHING MODEL
8,0.85,5.122553691445312,5.122553691445312,SPECULATION LOWER LATENCY if c_k < boundary,IID TEACHING MODEL
8,0.86,5.304804162059545,5.304804162059545,SPECULATION LOWER LATENCY if c_k < boundary,IID TEACHING MODEL
8,0.87,5.495814198130542,5.495814198130542,SPECULATION LOWER LATENCY if c_k < boundary,IID TEACHING MODEL
8,0.88,5.696013484759449,5.696013484759449,SPECULATION LOWER LATENCY if c_k < boundary,IID TEACHING MODEL
8,0.89,5.9058508753864984,5.9058508753864984,SPECULATION LOWER LATENCY if c_k < boundary,IID TEACHING MODEL
8,0.9,6.12579511,6.12579511,SPECULATION LOWER LATENCY if c_k < boundary,IID TEACHING MODEL
8,0.91,6.356335554113463,6.356335554113463,SPECULATION LOWER LATENCY if c_k < boundary,IID TEACHING MODEL
8,0.92,6.597982958918043,6.597982958918043,SPECULATION LOWER LATENCY if c_k < boundary,IID TEACHING MODEL
8,0.93,6.851270243021611,6.851270243021611,SPECULATION LOWER LATENCY if c_k < boundary,IID TEACHING MODEL
8,0.9400000000000001,7.116753296189723,7.116753296189723,SPECULATION LOWER LATENCY if c_k < boundary,IID TEACHING MODEL
8,0.9500000000000001,7.3950118055078145,7.3950118055078145,SPECULATION LOWER LATENCY if c_k < boundary,IID TEACHING MODEL
8,0.96,7.686650104387993,7.686650104387993,SPECULATION LOWER LATENCY if c_k < boundary,IID TEACHING MODEL
8,0.97,7.992298044847825,7.992298044847825,SPECULATION LOWER LATENCY if c_k < boundary,IID TEACHING MODEL
8,0.98,8.312611893492505,8.312611893492505,SPECULATION LOWER LATENCY if c_k < boundary,IID TEACHING MODEL
8,0.99,8.64827525163591,8.64827525163591,SPECULATION LOWER LATENCY if c_k < boundary,IID TEACHING MODEL
8,1.0,9.0,9.0,SPECULATION LOWER LATENCY if c_k < boundary,IID TEACHING MODEL
