field,value,unit_or_format,source_or_measurement,notes
model,,,,
hidden_size,,,,
number_of_layers,,,,
number_of_moe_layers,,,,
total_experts,,,,
active_experts_per_token,,,,
shared_experts,,,,
capacity_factor,,,,
routing_distribution,,,,
tokens_per_batch,,,,
sequence_length,,,,
activation_precision,,,,
dispatch_precision_bytes,,,,
combine_precision_bytes,,,,
expert_precision,,,,
EP_degree,,,,
TP_degree,,,,
PP_degree,,,,
DP_degree,,,,
GPUs_per_node,,,,
GPU_model,,,,
NVLink_NVSwitch_topology,,,,
NIC_count,,,,
NIC_speed_Gbps,,,,
fabric_type,,,,
oversubscription,,,,
observed_alltoall_bandwidth_GBps,,,,
dispatch_time_ms,,,,
combine_time_ms,,,,
expert_compute_time_ms,,,,
overlap_efficiency,,,,
training_step_time_ms,,,,
GPU_hourly_cost_USD,,,,
training_steps,,,,
inference_request_rate,,,,
inference_SLO_ms,,,,
notes,,,,
