gpu_count,exposed_communication_share,gpu_equivalent_exposed_capacity,classification,caveat
8,0.01,0.08,MATHEMATICAL SENSITIVITY,Not literal powered-off GPUs; wall-clock capacity equivalent.
8,0.02,0.16,MATHEMATICAL SENSITIVITY,Not literal powered-off GPUs; wall-clock capacity equivalent.
8,0.05,0.4,MATHEMATICAL SENSITIVITY,Not literal powered-off GPUs; wall-clock capacity equivalent.
8,0.1,0.8,MATHEMATICAL SENSITIVITY,Not literal powered-off GPUs; wall-clock capacity equivalent.
8,0.2,1.6,MATHEMATICAL SENSITIVITY,Not literal powered-off GPUs; wall-clock capacity equivalent.
72,0.01,0.72,MATHEMATICAL SENSITIVITY,Not literal powered-off GPUs; wall-clock capacity equivalent.
72,0.02,1.44,MATHEMATICAL SENSITIVITY,Not literal powered-off GPUs; wall-clock capacity equivalent.
72,0.05,3.6,MATHEMATICAL SENSITIVITY,Not literal powered-off GPUs; wall-clock capacity equivalent.
72,0.1,7.2,MATHEMATICAL SENSITIVITY,Not literal powered-off GPUs; wall-clock capacity equivalent.
72,0.2,14.4,MATHEMATICAL SENSITIVITY,Not literal powered-off GPUs; wall-clock capacity equivalent.
128,0.01,1.28,MATHEMATICAL SENSITIVITY,Not literal powered-off GPUs; wall-clock capacity equivalent.
128,0.02,2.56,MATHEMATICAL SENSITIVITY,Not literal powered-off GPUs; wall-clock capacity equivalent.
128,0.05,6.4,MATHEMATICAL SENSITIVITY,Not literal powered-off GPUs; wall-clock capacity equivalent.
128,0.1,12.8,MATHEMATICAL SENSITIVITY,Not literal powered-off GPUs; wall-clock capacity equivalent.
128,0.2,25.6,MATHEMATICAL SENSITIVITY,Not literal powered-off GPUs; wall-clock capacity equivalent.
256,0.01,2.56,MATHEMATICAL SENSITIVITY,Not literal powered-off GPUs; wall-clock capacity equivalent.
256,0.02,5.12,MATHEMATICAL SENSITIVITY,Not literal powered-off GPUs; wall-clock capacity equivalent.
256,0.05,12.8,MATHEMATICAL SENSITIVITY,Not literal powered-off GPUs; wall-clock capacity equivalent.
256,0.1,25.6,MATHEMATICAL SENSITIVITY,Not literal powered-off GPUs; wall-clock capacity equivalent.
256,0.2,51.2,MATHEMATICAL SENSITIVITY,Not literal powered-off GPUs; wall-clock capacity equivalent.
512,0.01,5.12,MATHEMATICAL SENSITIVITY,Not literal powered-off GPUs; wall-clock capacity equivalent.
512,0.02,10.24,MATHEMATICAL SENSITIVITY,Not literal powered-off GPUs; wall-clock capacity equivalent.
512,0.05,25.6,MATHEMATICAL SENSITIVITY,Not literal powered-off GPUs; wall-clock capacity equivalent.
512,0.1,51.2,MATHEMATICAL SENSITIVITY,Not literal powered-off GPUs; wall-clock capacity equivalent.
512,0.2,102.4,MATHEMATICAL SENSITIVITY,Not literal powered-off GPUs; wall-clock capacity equivalent.
1024,0.01,10.24,MATHEMATICAL SENSITIVITY,Not literal powered-off GPUs; wall-clock capacity equivalent.
1024,0.02,20.48,MATHEMATICAL SENSITIVITY,Not literal powered-off GPUs; wall-clock capacity equivalent.
1024,0.05,51.2,MATHEMATICAL SENSITIVITY,Not literal powered-off GPUs; wall-clock capacity equivalent.
1024,0.1,102.4,MATHEMATICAL SENSITIVITY,Not literal powered-off GPUs; wall-clock capacity equivalent.
1024,0.2,204.8,MATHEMATICAL SENSITIVITY,Not literal powered-off GPUs; wall-clock capacity equivalent.
