ranks,tensor_bytes,latency_us,communication_deadline_ms,required_effective_bandwidth_GBps,finite_feasible,line_rate_required_gbps_at_80pct,latency_floor_ms,classification
64,1073741824,2.0,0.05,,False,,0.252,SCENARIO / ANALYTICAL
64,1073741824,2.0,0.1,,False,,0.252,SCENARIO / ANALYTICAL
64,1073741824,2.0,0.15000000000000002,,False,,0.252,SCENARIO / ANALYTICAL
64,1073741824,2.0,0.2,,False,,0.252,SCENARIO / ANALYTICAL
64,1073741824,2.0,0.25,,False,,0.252,SCENARIO / ANALYTICAL
64,1073741824,2.0,0.3,44040.192000000025,True,440401.9200000002,0.252,SCENARIO / ANALYTICAL
64,1073741824,2.0,0.5428571428571428,7267.929524557959,True,72679.29524557957,0.252,SCENARIO / ANALYTICAL
64,1073741824,2.0,0.7857142857142857,3960.7881456102778,True,39607.881456102776,0.252,SCENARIO / ANALYTICAL
64,1073741824,2.0,1.0285714285714285,2722.1310728476833,True,27221.310728476827,0.252,SCENARIO / ANALYTICAL
64,1073741824,2.0,1.2714285714285714,2073.6413273542603,True,20736.413273542603,0.252,SCENARIO / ANALYTICAL
64,1073741824,2.0,1.5142857142857142,1674.68362516976,True,16746.8362516976,0.252,SCENARIO / ANALYTICAL
64,1073741824,2.0,1.7571428571428571,1404.4708154897496,True,14044.708154897495,0.252,SCENARIO / ANALYTICAL
64,1073741824,2.0,2.0,1209.341656750572,True,12093.41656750572,0.252,SCENARIO / ANALYTICAL
64,1073741824,2.0,3.0,769.2609956331877,True,7692.609956331877,0.252,SCENARIO / ANALYTICAL
64,1073741824,2.0,4.947368421052632,450.2158353584719,True,4502.1583535847185,0.252,SCENARIO / ANALYTICAL
64,1073741824,2.0,6.894736842105264,318.231666592717,True,3182.3166659271697,0.252,SCENARIO / ANALYTICAL
64,1073741824,2.0,8.842105263157894,246.08886052496143,True,2460.888605249614,0.252,SCENARIO / ANALYTICAL
64,1073741824,2.0,10.789473684210527,200.61062825405068,True,2006.1062825405068,0.252,SCENARIO / ANALYTICAL
64,1073741824,2.0,12.736842105263158,169.31965964622364,True,1693.1965964622364,0.252,SCENARIO / ANALYTICAL
64,1073741824,2.0,14.68421052631579,146.47300301956153,True,1464.7300301956152,0.252,SCENARIO / ANALYTICAL
64,1073741824,2.0,16.63157894736842,129.05882518668946,True,1290.5882518668946,0.252,SCENARIO / ANALYTICAL
64,1073741824,2.0,18.578947368421055,115.3454076941633,True,1153.4540769416328,0.252,SCENARIO / ANALYTICAL
64,1073741824,2.0,20.526315789473685,104.26636528457057,True,1042.6636528457057,0.252,SCENARIO / ANALYTICAL
64,1073741824,2.0,22.473684210526315,95.129117846011,True,951.29117846011,0.252,SCENARIO / ANALYTICAL
64,1073741824,2.0,24.42105263157895,87.46429776225361,True,874.642977622536,0.252,SCENARIO / ANALYTICAL
64,1073741824,2.0,26.36842105263158,80.94253082150371,True,809.425308215037,0.252,SCENARIO / ANALYTICAL
64,1073741824,2.0,28.315789473684212,75.3258649542771,True,753.258649542771,0.252,SCENARIO / ANALYTICAL
64,1073741824,2.0,30.263157894736842,70.4381091664153,True,704.3810916641529,0.252,SCENARIO / ANALYTICAL
64,1073741824,2.0,32.21052631578948,66.14601671903716,True,661.4601671903716,0.252,SCENARIO / ANALYTICAL
64,1073741824,2.0,34.15789473684211,62.34695271742842,True,623.4695271742842,0.252,SCENARIO / ANALYTICAL
64,1073741824,2.0,36.10526315789474,58.96058070615315,True,589.6058070615316,0.252,SCENARIO / ANALYTICAL
64,1073741824,2.0,38.05263157894737,55.92311894538103,True,559.2311894538102,0.252,SCENARIO / ANALYTICAL
64,1073741824,2.0,40.0,53.18328509610547,True,531.8328509610546,0.252,SCENARIO / ANALYTICAL
