facility_input_mw,planning_pue,usable_capacity_factor,usable_it_mw,whole_powerable_racks,powerable_gpus
4.0,1.1,0.8,2.909090909090909,20,1440
4.0,1.1,0.85,3.090909090909091,21,1512
4.0,1.1,0.9,3.2727272727272725,23,1656
4.0,1.1,0.95,3.454545454545454,24,1728
4.0,1.1,1.0,3.6363636363636362,25,1800
4.0,1.15,0.8,2.7826086956521743,19,1368
4.0,1.15,0.85,2.956521739130435,20,1440
4.0,1.15,0.9,3.1304347826086962,22,1584
4.0,1.15,0.95,3.3043478260869565,23,1656
4.0,1.15,1.0,3.4782608695652177,24,1728
4.0,1.2,0.8,2.666666666666667,18,1296
4.0,1.2,0.85,2.8333333333333335,19,1368
4.0,1.2,0.9,3.0,21,1512
4.0,1.2,0.95,3.1666666666666665,22,1584
4.0,1.2,1.0,3.3333333333333335,23,1656
4.0,1.25,0.8,2.5600000000000005,18,1296
4.0,1.25,0.85,2.72,19,1368
4.0,1.25,0.9,2.8800000000000003,20,1440
4.0,1.25,0.95,3.04,21,1512
4.0,1.25,1.0,3.2,22,1584
4.0,1.3,0.8,2.4615384615384617,17,1224
4.0,1.3,0.85,2.615384615384615,18,1296
4.0,1.3,0.9,2.769230769230769,19,1368
4.0,1.3,0.95,2.9230769230769225,20,1440
4.0,1.3,1.0,3.0769230769230766,21,1512
4.0,1.35,0.8,2.3703703703703702,16,1152
4.0,1.35,0.85,2.518518518518518,17,1224
4.0,1.35,0.9,2.6666666666666665,18,1296
4.0,1.35,0.95,2.8148148148148144,19,1368
4.0,1.35,1.0,2.962962962962963,20,1440
4.0,1.4,0.8,2.285714285714286,16,1152
4.0,1.4,0.85,2.4285714285714284,17,1224
4.0,1.4,0.9,2.5714285714285716,18,1296
4.0,1.4,0.95,2.7142857142857144,19,1368
4.0,1.4,1.0,2.857142857142857,20,1440
