component_id,role,approved_artifact,approved_revision,approved_digest,observed_artifact,observed_revision,observed_digest,state,reason
C01,model_snapshot,hf://org/model,aaaaaaaaaaaaaaaaaaaaaaaaaaaaaaaaaaaaaaaa,sha256:1111111111111111111111111111111111111111111111111111111111111111,hf://org/model,aaaaaaaaaaaaaaaaaaaaaaaaaaaaaaaaaaaaaaaa,sha256:1111111111111111111111111111111111111111111111111111111111111111,MATCH,Required checks passed for scenario.
C02,weights_bundle,model.safetensors.index.json + shards,aaaaaaaaaaaaaaaaaaaaaaaaaaaaaaaaaaaaaaaa,sha256:2222222222222222222222222222222222222222222222222222222222222222,model.safetensors.index.json + shards,aaaaaaaaaaaaaaaaaaaaaaaaaaaaaaaaaaaaaaaa,sha256:2222222222222222222222222222222222222222222222222222222222222222,MATCH,Required checks passed for scenario.
C03,config,config.json,aaaaaaaaaaaaaaaaaaaaaaaaaaaaaaaaaaaaaaaa,sha256:3333333333333333333333333333333333333333333333333333333333333333,config.json,aaaaaaaaaaaaaaaaaaaaaaaaaaaaaaaaaaaaaaaa,sha256:3333333333333333333333333333333333333333333333333333333333333333,MATCH,Required checks passed for scenario.
C04,tokenizer,tokenizer.json,aaaaaaaaaaaaaaaaaaaaaaaaaaaaaaaaaaaaaaaa,sha256:4444444444444444444444444444444444444444444444444444444444444444,tokenizer.json,aaaaaaaaaaaaaaaaaaaaaaaaaaaaaaaaaaaaaaaa,sha256:44ff444444444444444444444444444444444444444444444444444444444444,CHANGED,Observed immutable identity differs from approved identity.
C05,chat_template,chat_template.jinja,aaaaaaaaaaaaaaaaaaaaaaaaaaaaaaaaaaaaaaaa,sha256:5555555555555555555555555555555555555555555555555555555555555555,chat_template.jinja,aaaaaaaaaaaaaaaaaaaaaaaaaaaaaaaaaaaaaaaa,sha256:5555555555555555555555555555555555555555555555555555555555555555,MATCH,Required checks passed for scenario.
C06,serving_container,registry.example/inference,sha256:indexapproved,sha256:6666666666666666666666666666666666666666666666666666666666666666,registry.example/inference,sha256:indexapproved,sha256:6666666666666666666666666666666666666666666666666666666666666666,MATCH,Required checks passed for scenario.
C07,base_image,registry.example/base,sha256:baseapproved,sha256:7777777777777777777777777777777777777777777777777777777777777777,registry.example/base,sha256:baseapproved,sha256:7777777777777777777777777777777777777777777777777777777777777777,MATCH,Required checks passed for scenario.
C08,runtime_lock,requirements.lock,rev-runtime-1,sha256:8888888888888888888888888888888888888888888888888888888888888888,requirements.lock,rev-runtime-1,sha256:8888888888888888888888888888888888888888888888888888888888888888,MATCH,Required checks passed for scenario.
C09,startup_config,serve-config.yaml,deploy-rev-42,sha256:9999999999999999999999999999999999999999999999999999999999999999,serve-config.yaml,deploy-rev-42,sha256:9999999999999999999999999999999999999999999999999999999999999999,MATCH,Required checks passed for scenario.
C10,policy_config,policy.yaml,deploy-rev-42,sha256:aaaaaaaaaaaaaaaaaaaaaaaaaaaaaaaaaaaaaaaaaaaaaaaaaaaaaaaaaaaaaaaa,policy.yaml,deploy-rev-42,sha256:aaaaaaaaaaaaaaaaaaaaaaaaaaaaaaaaaaaaaaaaaaaaaaaaaaaaaaaaaaaaaaaa,MATCH,Required checks passed for scenario.
U01,adapter,,,,adapter_model.safetensors,adapter-rev-unapproved,sha256:bbbbbbbbbbbbbbbbbbbbbbbbbbbbbbbbbbbbbbbbbbbbbbbbbbbbbbbbbbbbbbbb,UNEXPECTED,Observed security-relevant component is absent from approved manifest.
