closure_components,verified_components,unknown_or_failed,verified_component_coverage,strict_gate
5,5,0,1.0,VERIFIED AGAINST DEFINED POLICY
5,4,1,0.8,INSUFFICIENT VERIFICATION
5,3,2,0.6,INSUFFICIENT VERIFICATION
5,4,1,0.8,INSUFFICIENT VERIFICATION
10,10,0,1.0,VERIFIED AGAINST DEFINED POLICY
10,9,1,0.9,INSUFFICIENT VERIFICATION
10,8,2,0.8,INSUFFICIENT VERIFICATION
10,9,1,0.9,INSUFFICIENT VERIFICATION
20,20,0,1.0,VERIFIED AGAINST DEFINED POLICY
20,19,1,0.95,INSUFFICIENT VERIFICATION
20,18,2,0.9,INSUFFICIENT VERIFICATION
20,18,2,0.9,INSUFFICIENT VERIFICATION
50,50,0,1.0,VERIFIED AGAINST DEFINED POLICY
50,49,1,0.98,INSUFFICIENT VERIFICATION
50,48,2,0.96,INSUFFICIENT VERIFICATION
50,45,5,0.9,INSUFFICIENT VERIFICATION
100,100,0,1.0,VERIFIED AGAINST DEFINED POLICY
100,99,1,0.99,INSUFFICIENT VERIFICATION
100,98,2,0.98,INSUFFICIENT VERIFICATION
100,90,10,0.9,INSUFFICIENT VERIFICATION
