bandwidth_GBps,budget_ms,max_payload_GB
20,8.0,0.16
20,12.4,0.248
20,18.0,0.36
25,8.0,0.2
25,12.4,0.31
25,18.0,0.44999999999999996
30,8.0,0.24
30,12.4,0.372
30,18.0,0.5399999999999999
35,8.0,0.28
35,12.4,0.434
35,18.0,0.63
40,8.0,0.32
40,12.4,0.496
40,18.0,0.72
45,8.0,0.36
45,12.4,0.5579999999999999
45,18.0,0.8099999999999999
50,8.0,0.4
50,12.4,0.62
50,18.0,0.8999999999999999
55,8.0,0.44
55,12.4,0.6819999999999999
55,18.0,0.9899999999999999
60,8.0,0.48
60,12.4,0.744
60,18.0,1.0799999999999998
65,8.0,0.52
65,12.4,0.8059999999999999
65,18.0,1.17
70,8.0,0.56
70,12.4,0.868
70,18.0,1.26
75,8.0,0.6
75,12.4,0.9299999999999999
75,18.0,1.3499999999999999
80,8.0,0.64
80,12.4,0.992
80,18.0,1.44
85,8.0,0.68
85,12.4,1.054
85,18.0,1.5299999999999998
90,8.0,0.72
90,12.4,1.1159999999999999
90,18.0,1.6199999999999999
95,8.0,0.76
95,12.4,1.178
95,18.0,1.71
100,8.0,0.8
100,12.4,1.24
100,18.0,1.7999999999999998
105,8.0,0.84
105,12.4,1.302
105,18.0,1.89
110,8.0,0.88
110,12.4,1.3639999999999999
110,18.0,1.9799999999999998
115,8.0,0.92
115,12.4,1.426
115,18.0,2.07
120,8.0,0.96
120,12.4,1.488
120,18.0,2.1599999999999997
125,8.0,1.0
125,12.4,1.55
125,18.0,2.25
130,8.0,1.04
130,12.4,1.6119999999999999
130,18.0,2.34
135,8.0,1.08
135,12.4,1.674
135,18.0,2.4299999999999997
140,8.0,1.12
140,12.4,1.736
140,18.0,2.52
145,8.0,1.16
145,12.4,1.798
145,18.0,2.61
150,8.0,1.2
150,12.4,1.8599999999999999
150,18.0,2.6999999999999997
155,8.0,1.24
155,12.4,1.922
155,18.0,2.7899999999999996
160,8.0,1.28
160,12.4,1.984
160,18.0,2.88
165,8.0,1.32
165,12.4,2.046
165,18.0,2.9699999999999998
170,8.0,1.36
170,12.4,2.108
170,18.0,3.0599999999999996
175,8.0,1.4000000000000001
175,12.4,2.17
175,18.0,3.15
180,8.0,1.44
180,12.4,2.2319999999999998
180,18.0,3.2399999999999998
