scenario,k,warm_capacity_rps,baseline_utilization,baseline_p95_queue_s,expected_burst_violations,warm_cost_per_h,expected_undercapacity_loss_per_h,expected_total_cost_per_h,target_scaled_replicas
A — Stable SaaS traffic,8,16,0.75,0.4914149485539939,0.0,37.76,0.0,37.76,10
A — Stable SaaS traffic,9,18,0.6666666666666666,0.22766571080914025,0.0,42.48,0.0,42.48,10
A — Stable SaaS traffic,10,20,0.6,0.08825699123249037,0.0,47.199999999999996,0.0,47.199999999999996,10
A — Stable SaaS traffic,11,22,0.5454545454545454,0.0,0.0,51.919999999999995,0.0,51.919999999999995,11
A — Stable SaaS traffic,12,24,0.5,0.0,0.0,56.64,0.0,56.64,12
A — Stable SaaS traffic,13,26,0.46153846153846156,0.0,0.0,61.36,0.0,61.36,13
B — Bursty interactive AI,8,16,0.75,0.4914149485539939,2855.9999999999322,37.76,178.49999999999577,216.25999999999576,15
B — Bursty interactive AI,9,18,0.6666666666666666,0.22766571080914025,2788.7999999999424,42.48,174.2999999999964,216.7799999999964,15
B — Bursty interactive AI,10,20,0.6,0.08825699123249037,2332.8000000000116,47.199999999999996,145.80000000000072,193.0000000000007,15
B — Bursty interactive AI,11,22,0.5454545454545454,0.0,1828.8000000000332,51.919999999999995,114.30000000000207,166.22000000000207,15
B — Bursty interactive AI,12,24,0.5,0.0,0.0,56.64,0.0,56.64,15
B — Bursty interactive AI,13,26,0.46153846153846156,0.0,0.0,61.36,0.0,61.36,15
B — Bursty interactive AI,14,28,0.42857142857142855,0.0,0.0,66.08,0.0,66.08,15
B — Bursty interactive AI,15,30,0.4,0.0,0.0,70.8,0.0,70.8,15
B — Bursty interactive AI,16,32,0.375,0.0,0.0,75.52,0.0,75.52,16
B — Bursty interactive AI,17,34,0.35294117647058826,0.0,0.0,80.24,0.0,80.24,17
"C — Expensive GPU, relaxed SLO",5,10,0.8,1.202672413475907,41.30000000000008,61.775000000000006,0.06195000000000013,61.83695000000001,9
"C — Expensive GPU, relaxed SLO",6,12,0.6666666666666666,0.43490667089048307,5.879999999999996,74.13,0.008819999999999995,74.13882,9
"C — Expensive GPU, relaxed SLO",7,14,0.5714285714285714,0.16567792255690236,0.0,86.485,0.0,86.485,9
"C — Expensive GPU, relaxed SLO",8,16,0.5,0.020782479175357176,0.0,98.84,0.0,98.84,9
"C — Expensive GPU, relaxed SLO",9,18,0.4444444444444444,0.0,0.0,111.19500000000001,0.0,111.19500000000001,9
"C — Expensive GPU, relaxed SLO",10,20,0.4,0.0,0.0,123.55000000000001,0.0,123.55000000000001,10
"C — Expensive GPU, relaxed SLO",11,22,0.36363636363636365,0.0,0.0,135.905,0.0,135.905,11
"C — Expensive GPU, relaxed SLO",12,24,0.3333333333333333,0.0,0.0,148.26,0.0,148.26,12
D — Capacity-constrained region,7,14,0.7142857142857143,0.46729580234821755,2773.55,33.04,124.80975000000001,157.84975,12
D — Capacity-constrained region,8,16,0.625,0.2012608972083094,2499.5,37.76,112.4775,150.2375,12
D — Capacity-constrained region,9,18,0.5555555555555556,0.05954533404641139,2177.0,42.48,97.965,140.445,12
D — Capacity-constrained region,10,20,0.5,0.0,0.0,47.199999999999996,0.0,47.199999999999996,12
D — Capacity-constrained region,11,22,0.45454545454545453,0.0,0.0,51.919999999999995,0.0,51.919999999999995,12
D — Capacity-constrained region,12,24,0.4166666666666667,0.0,0.0,56.64,0.0,56.64,12
D — Capacity-constrained region,13,26,0.38461538461538464,0.0,0.0,61.36,0.0,61.36,13
D — Capacity-constrained region,14,28,0.35714285714285715,0.0,0.0,66.08,0.0,66.08,14
D — Capacity-constrained region,15,30,0.3333333333333333,0.0,0.0,70.8,0.0,70.8,15
