rho,lambda_rps,k,mu_rps_per_replica,p_wait,mean_queue_s,p95_queue_s
0.5,10.0,10,2.0,0.03610535915832019,0.0036105359158320185,0.0
0.51,10.2,10,2.0,0.040605190791939645,0.004143386815504045,0.0
0.52,10.4,10,2.0,0.0455043909761931,0.004740040726686781,0.0
0.53,10.600000000000001,10,2.0,0.05082207154078017,0.005406603355402146,0.0017348653134861562
0.54,10.8,10,2.0,0.05657708130599353,0.006149682750651472,0.013432714549433204
0.55,11.0,10,2.0,0.0627879463496245,0.0069764384832916105,0.025304456946203528
0.56,11.200000000000001,10,2.0,0.06947281419677802,0.007894637976906593,0.037376421361619526
0.5700000000000001,11.400000000000002,10,2.0,0.07664940215347263,0.008912721180636355,0.0496766046704058
0.5800000000000001,11.600000000000001,10,2.0,0.08433494994288886,0.010039874993201057,0.06223492425366695
0.5900000000000001,11.8,10,2.0,0.09254617674508579,0.011286119115254366,0.07508350275394227
0.6000000000000001,12.000000000000002,10,2.0,0.10129924268741758,0.0126624053359272,0.08825699123249046
0.6100000000000001,12.200000000000003,10,2.0,0.1106097147840919,0.014180732664627172,0.10179293806540468
0.6200000000000001,12.400000000000002,10,2.0,0.12049253727952051,0.015854281220989547,0.11573221240716518
0.6300000000000001,12.600000000000001,10,2.0,0.13096200631140004,0.017697568420459466,0.1301194929120883
0.6400000000000001,12.800000000000002,10,2.0,0.14203174877580949,0.01972663177441799,0.1450038347375572
0.6500000000000001,13.000000000000004,10,2.0,0.15371470524790729,0.02195924360684391,0.16043933079178466
0.6600000000000001,13.200000000000003,10,2.0,0.16602311678787537,0.024415164233511095,0.17648588691047362
0.6700000000000002,13.400000000000002,10,2.0,0.17896851544234302,0.027116441733688344,0.19321013538762824
0.6800000000000002,13.600000000000003,10,2.0,0.19256171823635654,0.030087768474430725,0.21068651736387148
0.6900000000000002,13.800000000000004,10,2.0,0.20681282443971227,0.03335690716769555,0.22899857242178068
0.7000000000000002,14.000000000000004,10,2.0,0.2217312158838157,0.036955202647302635,0.2482404839408534
0.7100000000000002,14.200000000000003,10,2.0,0.2373255601008098,0.04091820001738102,0.26851894213708977
0.7200000000000002,14.400000000000004,10,2.0,0.2536038160551865,0.04528639572414048,0.2899554043853458
0.7300000000000002,14.600000000000005,10,2.0,0.27057324223911194,0.050106155970205964,0.3126888559891403
0.7400000000000002,14.800000000000004,10,2.0,0.2882404069059154,0.05543084748190685,0.3368792062888554
0.7500000000000002,15.000000000000004,10,2.0,0.306611200221297,0.06132224004425944,0.3627114981488984
0.7600000000000002,15.200000000000005,10,2.0,0.32569084811849447,0.06785226002468642,0.3904011681968797
0.7700000000000002,15.400000000000006,10,2.0,0.34548392765163444,0.07510520166339889,0.4202006777390248
0.7800000000000002,15.600000000000005,10,2.0,0.36599438365050907,0.08318054173875215,0.4524079505996123
0.7900000000000003,15.800000000000004,10,2.0,0.3872255464898346,0.09219655868805594,0.4873772203101417
0.8000000000000003,16.000000000000007,10,2.0,0.4091801507964444,0.10229503769911127,0.5255331300331854
0.8100000000000003,16.200000000000006,10,2.0,0.4318603549286542,0.11364746182333024,0.5673892837049092
0.8200000000000003,16.400000000000006,10,2.0,0.455267761073048,0.12646326696473575,0.6135729795299248
0.8300000000000003,16.600000000000005,10,2.0,0.4794034358149976,0.14100101053382302,0.6648586716038244
0.8400000000000003,16.800000000000004,10,2.0,0.5042679310502675,0.15758372845320878,0.7222139783174437
0.8500000000000003,17.000000000000007,10,2.0,0.5298613051159043,0.1766204350386352,0.7868640928036894
0.8600000000000003,17.200000000000006,10,2.0,0.5561831440292144,0.1986368371532913,0.8603837965427047
0.8700000000000003,17.400000000000006,10,2.0,0.5832325827339214,0.2243202241284318,0.9448319394580861
0.8800000000000003,17.60000000000001,10,2.0,0.6110083262624675,0.25458680260936234,1.0429531587172587
0.8900000000000003,17.800000000000008,10,2.0,0.6395086707328903,0.29068575942404207,1.1584896245962044
0.9000000000000004,18.000000000000007,10,2.0,0.668731524107698,0.33436576205385016,1.2966798324489621
0.9100000000000004,18.200000000000006,10,2.0,0.6986744266506434,0.3881524592503588,1.4650899211835
0.9200000000000004,18.400000000000006,10,2.0,0.7293345710253094,0.45583410689082,1.675068479039021
0.9300000000000004,18.60000000000001,10,2.0,0.7607088219868863,0.5433634442763506,1.9444483240740946
0.9400000000000004,18.800000000000008,10,2.0,0.7927937356254701,0.6606614463545627,2.3029500633116897
0.9500000000000004,19.000000000000007,10,2.0,0.8255855781256999,0.8255855781257058,2.8040699207910986
0.9600000000000004,19.20000000000001,10,2.0,0.859080344013468,1.0738504300168483,3.554799305264931
0.9700000000000004,19.40000000000001,10,2.0,0.8932737738659364,1.488789623109917,4.804783510234139
0.9800000000000004,19.60000000000001,10,2.0,0.9281613714660939,2.3204034286652844,7.302956509766905
0.9900000000000004,19.800000000000008,10,2.0,0.9637384203876228,4.818692101938303,14.793984521076627
