rho,lambda_rps,service_mean_s,service_cv,k,seed,p50,p95,p99,mean
0.65,13.0,0.5,0.3,10,20260811,0.0,0.10813863144412611,0.24034627808793319,0.013796801162851256
0.65,13.0,0.5,1.0,10,20260811,0.0,0.14183179293378323,0.3654017673391165,0.019854727152386675
0.65,13.0,0.5,1.5,10,20260811,0.0,0.18206013694427856,0.5130732172820092,0.026744100657227574
0.7,14.0,0.5,0.3,10,20260811,0.0,0.15319406569420876,0.2927196681682743,0.022012642093735685
0.7,14.0,0.5,1.0,10,20260811,0.0,0.22005877689298364,0.4980981053639516,0.03314192408574492
0.7,14.0,0.5,1.5,10,20260811,0.0,0.30017859705437794,0.7105753042243333,0.04557890428714749
0.75,15.0,0.5,0.3,10,20260811,0.0,0.20850601132452767,0.36775454190268614,0.03506870441950387
0.75,15.0,0.5,1.0,10,20260811,0.0,0.32274040878969573,0.6626541970865271,0.054932652878245294
0.75,15.0,0.5,1.5,10,20260811,0.0,0.4559269994918286,0.9841238054176924,0.07641996872548305
0.8,16.0,0.5,0.3,10,20260811,0.0,0.2832498132601359,0.48553273713805895,0.056449049755247206
0.8,16.0,0.5,1.0,10,20260811,0.0,0.47735121393901647,0.8784316901342819,0.09184619542100404
0.8,16.0,0.5,1.5,10,20260811,0.0,0.7232512481305776,1.3299420375512154,0.13349378886084323
0.85,17.0,0.5,0.3,10,20260811,0.003641638881390463,0.4000598220083705,0.6685421234457929,0.09362584665227858
0.85,17.0,0.5,1.0,10,20260811,0.01648818171770472,0.7424338022462792,1.2152922552539434,0.1603510870073116
0.85,17.0,0.5,1.5,10,20260811,0.023403123763728217,1.2143991871370652,2.009413716431815,0.24757120844279287
