quant_task_success,higher_precision_cost_per_success_usd,quant_cost_per_success_usd
0.75,0.0008840542173875508,0.0010608650608650608
0.7525,0.0008840542173875508,0.0010573405922243134
0.755,0.0008840542173875508,0.001053839464435491
0.7575,0.0008840542173875508,0.0010503614464010505
0.76,0.0008840542173875508,0.0010469063100642048
0.7625,0.0008840542173875508,0.0010434738303590765
0.765,0.0008840542173875508,0.0010400637851618244
0.7675,0.0008840542173875508,0.0010366759552427305
0.77,0.0008840542173875508,0.0010333101242192152
0.7725,0.0008840542173875508,0.001029966078509768
0.775,0.0008840542173875508,0.0010266436072887686
0.7775,0.0008840542173875508,0.001023342502442181
0.78,0.0008840542173875508,0.001020062558524097
0.7825,0.0008840542173875508,0.0010168035727141159
0.785,0.0008840542173875508,0.001013565344775536
0.7875,0.0008840542173875508,0.0010103476770143437
0.79,0.0008840542173875508,0.0010071503742389819
0.7925,0.0008840542173875508,0.001003973243720878
0.795,0.0008840542173875508,0.0010008160951557178
0.7975,0.0008840542173875508,0.000997678740625449
0.8,0.0008840542173875508,0.0009945609945609946
0.8025,0.0008840542173875508,0.0009914626737056644
0.805,0.0008840542173875508,0.0009883835970792493
0.8075,0.0008840542173875508,0.000985323585942781
0.81,0.0008840542173875508,0.0009822824637639453
0.8125,0.0008840542173875508,0.0009792600561831333
0.815,0.0008840542173875508,0.0009762561909801175
0.8175,0.0008840542173875508,0.0009732706980413403
0.8200000000000001,0.0008840542173875508,0.0009703034093277996
0.8225,0.0008840542173875508,0.0009673541588435206
0.825,0.0008840542173875508,0.0009644227826046009
0.8275,0.0008840542173875508,0.0009615091186088165
0.83,0.0008840542173875508,0.000958613006805778
0.8325,0.0008840542173875508,0.0009557342890676225
0.835,0.0008840542173875508,0.0009528728091602344
0.8375,0.0008840542173875508,0.0009500284127149799
0.84,0.0008840542173875508,0.0009472009472009473
0.8425,0.0008840542173875508,0.0009443902618976803
0.845,0.0008840542173875508,0.0009415962078683972
0.8475,0.0008840542173875508,0.0009388186379336822
0.85,0.0008840542173875508,0.000936057406645642
0.8525,0.0008840542173875508,0.0009333123702625169
0.855,0.0008840542173875508,0.0009305833867237377
0.8575,0.0008840542173875508,0.0009278703156254176
0.86,0.0008840542173875508,0.0009251730181962741
0.8625,0.0008840542173875508,0.000922491357273966
0.865,0.0008840542173875508,0.0009198251972818447
0.8675,0.0008840542173875508,0.0009171744042061044
0.87,0.0008840542173875508,0.0009145388455733284
0.8725,0.0008840542173875508,0.000911918390428419
0.875,0.0008840542173875508,0.0009093129093129094
0.8775,0.0008840542173875508,0.0009067222742436419
0.88,0.0008840542173875508,0.0009041463586918133
0.8825000000000001,0.0008840542173875508,0.0009015850375623746
0.885,0.0008840542173875508,0.0008990381871737804
0.8875,0.0008840542173875508,0.0008965056852380797
0.89,0.0008840542173875508,0.0008939874108413434
0.8925000000000001,0.0008840542173875508,0.0008914832444244209
0.895,0.0008840542173875508,0.0008889930677640175
0.8975,0.0008840542173875508,0.0008865167639540899
0.9,0.0008840542173875508,0.0008840542173875508
0.9025,0.0008840542173875508,0.0008816053137382778
0.905,0.0008840542173875508,0.0008791699399434206
0.9075,0.0008840542173875508,0.0008767479841860008
0.91,0.0008840542173875508,0.0008743393358777974
0.9125,0.0008840542173875508,0.0008719438856425158
0.915,0.0008840542173875508,0.0008695615252992303
0.9175,0.0008840542173875508,0.0008671921478460989
0.92,0.0008840542173875508,0.0008648356474443431
0.9225,0.0008840542173875508,0.0008624919194024886
0.925,0.0008840542173875508,0.0008601608601608602
0.9275,0.0008840542173875508,0.0008578423672763296
0.9299999999999999,0.0008840542173875508,0.0008555363394073072
0.9325,0.0008840542173875508,0.0008532426762989766
0.935,0.0008840542173875508,0.0008509612787687654
0.9375,0.0008840542173875508,0.0008486920486920487
0.94,0.0008840542173875508,0.0008464348889880806
0.9425,0.0008840542173875508,0.0008441897036061492
0.9450000000000001,0.0008840542173875508,0.0008419563975119531
0.9475,0.0008840542173875508,0.0008397348766741907
0.95,0.0008840542173875508,0.0008375250480513639
0.9525,0.0008840542173875508,0.0008353268195787881
0.9550000000000001,0.0008840542173875508,0.0008331401001558069
0.9575,0.0008840542173875508,0.000830964799633207
0.96,0.0008840542173875508,0.0008288008288008288
0.9625,0.0008840542173875508,0.0008266480993753721
0.965,0.0008840542173875508,0.0008245065239883894
0.9675,0.0008840542173875508,0.0008223760161744658
0.97,0.0008840542173875508,0.0008202564903595832
0.9725,0.0008840542173875508,0.0008181478618496614
0.975,0.0008840542173875508,0.0008160500468192776
0.9775,0.0008840542173875508,0.0008139629623005582
0.98,0.0008840542173875508,0.0008118865261722405
0.9825,0.0008840542173875508,0.0008098206571489014
0.985,0.0008840542173875508,0.000807765274770351
0.9875,0.0008840542173875508,0.0008057202993911855
0.99,0.0008840542173875508,0.0008036856521705007
0.9924999999999999,0.0008840542173875508,0.0008016612550617589
0.995,0.0008840542173875508,0.0007996470308028097
0.9975,0.0008840542173875508,0.0007976429029060608
1.0,0.0008840542173875508,0.0007956487956487957
