params_b,total_bf16_gb,total_w4_gb,gpus_bf16,gpus_w4,usable_memory_per_gpu_gb,status
20,58.73741824,29.04991824,1,1,126.9,HOUSE workload + NVIDIA H200 memory
25,68.73741824,31.62804324,1,1,126.9,HOUSE workload + NVIDIA H200 memory
30,78.73741824,34.20616824,1,1,126.9,HOUSE workload + NVIDIA H200 memory
35,88.73741824,36.78429324,1,1,126.9,HOUSE workload + NVIDIA H200 memory
40,98.73741824,39.36241824,1,1,126.9,HOUSE workload + NVIDIA H200 memory
45,108.73741824,41.94054324,1,1,126.9,HOUSE workload + NVIDIA H200 memory
50,118.73741824,44.51866824,1,1,126.9,HOUSE workload + NVIDIA H200 memory
55,128.73741824,47.09679324,2,1,126.9,HOUSE workload + NVIDIA H200 memory
60,138.73741824,49.67491824,2,1,126.9,HOUSE workload + NVIDIA H200 memory
65,148.73741824,52.25304324,2,1,126.9,HOUSE workload + NVIDIA H200 memory
70,158.73741824,54.83116824,2,1,126.9,HOUSE workload + NVIDIA H200 memory
75,168.73741824,57.40929324,2,1,126.9,HOUSE workload + NVIDIA H200 memory
80,178.73741824,59.98741824,2,1,126.9,HOUSE workload + NVIDIA H200 memory
85,188.73741824,62.56554324,2,1,126.9,HOUSE workload + NVIDIA H200 memory
90,198.73741824,65.14366824,2,1,126.9,HOUSE workload + NVIDIA H200 memory
95,208.73741824,67.72179324,2,1,126.9,HOUSE workload + NVIDIA H200 memory
100,218.73741824,70.29991824,2,1,126.9,HOUSE workload + NVIDIA H200 memory
105,228.73741824,72.87804324,2,1,126.9,HOUSE workload + NVIDIA H200 memory
110,238.73741824,75.45616824,2,1,126.9,HOUSE workload + NVIDIA H200 memory
115,248.73741824,78.03429324,2,1,126.9,HOUSE workload + NVIDIA H200 memory
120,258.73741824,80.61241824,3,1,126.9,HOUSE workload + NVIDIA H200 memory
125,268.73741824,83.19054324,3,1,126.9,HOUSE workload + NVIDIA H200 memory
130,278.73741824,85.76866824,3,1,126.9,HOUSE workload + NVIDIA H200 memory
135,288.73741824,88.34679324,3,1,126.9,HOUSE workload + NVIDIA H200 memory
140,298.73741824,90.92491824,3,1,126.9,HOUSE workload + NVIDIA H200 memory
145,308.73741824,93.50304324,3,1,126.9,HOUSE workload + NVIDIA H200 memory
150,318.73741824,96.08116824,3,1,126.9,HOUSE workload + NVIDIA H200 memory
155,328.73741824,98.65929324,3,1,126.9,HOUSE workload + NVIDIA H200 memory
160,338.73741824,101.23741824,3,1,126.9,HOUSE workload + NVIDIA H200 memory
165,348.73741824,103.81554324,3,1,126.9,HOUSE workload + NVIDIA H200 memory
170,358.73741824,106.39366824,3,1,126.9,HOUSE workload + NVIDIA H200 memory
175,368.73741824,108.97179324,3,1,126.9,HOUSE workload + NVIDIA H200 memory
180,378.73741824,111.54991824,3,1,126.9,HOUSE workload + NVIDIA H200 memory
185,388.73741824,114.12804324,4,1,126.9,HOUSE workload + NVIDIA H200 memory
190,398.73741824,116.70616824,4,1,126.9,HOUSE workload + NVIDIA H200 memory
195,408.73741824,119.28429324,4,1,126.9,HOUSE workload + NVIDIA H200 memory
200,418.73741824,121.86241824,4,1,126.9,HOUSE workload + NVIDIA H200 memory
205,428.73741824,124.44054324,4,1,126.9,HOUSE workload + NVIDIA H200 memory
210,438.73741824,127.01866824,4,2,126.9,HOUSE workload + NVIDIA H200 memory
215,448.73741824,129.59679324,4,2,126.9,HOUSE workload + NVIDIA H200 memory
220,458.73741824,132.17491824,4,2,126.9,HOUSE workload + NVIDIA H200 memory
225,468.73741824,134.75304324,4,2,126.9,HOUSE workload + NVIDIA H200 memory
230,478.73741824,137.33116824,4,2,126.9,HOUSE workload + NVIDIA H200 memory
235,488.73741824,139.90929324,4,2,126.9,HOUSE workload + NVIDIA H200 memory
240,498.73741824,142.48741824,4,2,126.9,HOUSE workload + NVIDIA H200 memory
245,508.73741824,145.06554324,5,2,126.9,HOUSE workload + NVIDIA H200 memory
250,518.73741824,147.64366824,5,2,126.9,HOUSE workload + NVIDIA H200 memory
255,528.73741824,150.22179324,5,2,126.9,HOUSE workload + NVIDIA H200 memory
260,538.73741824,152.79991824,5,2,126.9,HOUSE workload + NVIDIA H200 memory
265,548.73741824,155.37804324,5,2,126.9,HOUSE workload + NVIDIA H200 memory
270,558.73741824,157.95616824,5,2,126.9,HOUSE workload + NVIDIA H200 memory
275,568.73741824,160.53429324,5,2,126.9,HOUSE workload + NVIDIA H200 memory
280,578.73741824,163.11241824,5,2,126.9,HOUSE workload + NVIDIA H200 memory
285,588.73741824,165.69054324,5,2,126.9,HOUSE workload + NVIDIA H200 memory
290,598.73741824,168.26866824,5,2,126.9,HOUSE workload + NVIDIA H200 memory
295,608.73741824,170.84679324,5,2,126.9,HOUSE workload + NVIDIA H200 memory
300,618.73741824,173.42491824,5,2,126.9,HOUSE workload + NVIDIA H200 memory
