arithmetic_intensity_flop_per_byte,memory_roof_tflop_s_at_8tb_s,b300_bf16_dense_roof_tflop_s,mi355x_bf16_dense_roof_tflop_s
0.1,0.8,0.8,0.8
0.10539767972822035,0.8431814378257628,0.8431814378257628,0.8431814378257628
0.11108670892092513,0.8886936713674011,0.8886936713674011,0.8886936713674011
0.11708281368909709,0.9366625095127767,0.9366625095127767,0.9366625095127767
0.12340256898882349,0.9872205519105879,0.9872205519105879,0.9872205519105879
0.13006344443923634,1.0405075555138907,1.0405075555138907,1.0405075555138907
0.13708385261355818,1.0966708209084655,1.0966708209084655,1.0966708209084655
0.14448319993674372,1.1558655994939497,1.1558655994939497,1.1558655994939497
0.1522819403304134,1.2182555226433072,1.2182555226433072,1.2182555226433072
0.16050163175336873,1.2840130540269499,1.2840130540269499,1.2840130540269499
0.16916499579398322,1.3533199663518658,1.3533199663518658,1.3533199663518658
0.17829598047919992,1.4263678438335994,1.4263678438335994,1.4263678438335994
0.1879198264737574,1.5033586117900593,1.5033586117900593,1.5033586117900593
0.19806313685263827,1.5845050948211061,1.5845050948211061,1.5845050948211061
0.20875395063961052,1.6700316051168842,1.6700316051168842,1.6700316051168842
0.22002182031514395,1.7601745625211516,1.7601745625211516,1.7601745625211516
0.23189789350795587,1.855183148063647,1.855183148063647,1.855183148063647
0.2444149990960048,1.9553199927680385,1.9553199927680385,1.9553199927680385
0.2576077379549399,2.0608619036395193,2.0608619036395193,2.0608619036395193
0.2715125786048608,2.172100628838886,2.172100628838886,2.172100628838886
0.2861679580197837,2.2893436641582694,2.2893436641582694,2.2893436641582694
0.30161438787847966,2.4129151030278373,2.4129151030278373,2.4129151030278373
0.31789456655039233,2.5431565324031387,2.5431565324031387,2.5431565324031387
0.33505349712619686,2.680427977009575,2.680427977009575,2.680427977009575
0.353138611819271,2.825108894554168,2.825108894554168,2.825108894554168
0.3721999030819585,2.977599224655668,2.977599224655668,2.977599224655668
0.3922900617990693,3.1383204943925542,3.1383204943925542,3.1383204943925542
0.41346462294062086,3.307716983524967,3.307716983524967,3.307716983524967
0.4357821190764494,3.4862569526115954,3.4862569526115954,3.4862569526115954
0.459304242177048,3.674433937416384,3.674433937416384,3.674433937416384
0.48409601414789477,3.872768113183158,3.872768113183158,3.872768113183158
0.5102259665686786,4.081807732549429,4.081807732549429,4.081807732549429
0.5377663301342724,4.3021306410741795,4.3021306410741795,4.3021306410741795
0.5667932343211246,4.534345874568997,4.534345874568997,4.534345874568997
0.5973869178310005,4.779095342648004,4.779095342648004,4.779095342648004
0.6296319503938049,5.037055603150439,5.037055603150439,5.037055603150439
0.6636174665426098,5.308939732340878,5.308939732340878,5.308939732340878
0.6994374120071097,5.595499296056878,5.595499296056878,5.595499296056878
0.7371908034066067,5.897526427252854,5.897526427252854,5.897526427252854
0.77698200196039,6.21585601568312,6.21585601568312,6.21585601568312
0.8189210019721267,6.5513680157770136,6.5513680157770136,6.5513680157770136
0.8631237348857151,6.904989879085721,6.904989879085721,6.904989879085721
0.9097123897531,7.2776991180248,7.2776991180248,7.2776991180248
0.9588157509999122,7.670526007999298,7.670526007999298,7.670526007999298
1.010569554422618,8.084556435380945,8.084556435380945,8.084556435380945
1.0651168624012546,8.520934899210037,8.520934899210037,8.520934899210037
1.1226084593649444,8.980867674919555,8.980867674919555,8.980867674919555
1.1832032686033727,9.465626148826981,9.465626148826981,9.465626148826981
1.2470687915764176,9.97655033261134,9.97655033261134,9.97655033261134
1.3143815709363003,10.515052567490402,10.515052567490402,10.515052567490402
1.385327678542193,11.082621428337545,11.082621428337545,11.082621428337545
1.4601032298162915,11.680825838530332,11.680825838530332,11.680825838530332
1.538914925863176,12.311319406905408,12.311319406905408,12.311319406905408
1.62198062485105,12.9758449988084,12.9758449988084,12.9758449988084
1.7095299442342977,13.676239553874382,13.676239553874382,13.676239553874382
1.8018048954820889,14.414439163856711,14.414439163856711,14.414439163856711
1.8990605530676075,15.19248442454086,15.19248442454086,15.19248442454086
2.001565759567167,16.012526076537338,16.012526076537338,16.012526076537338
2.109603868818324,16.87683095054659,16.87683095054659,16.87683095054659
2.223473529191284,17.78778823353027,17.78778823353027,17.78778823353027
2.3434895091387875,18.7479160731103,18.7479160731103,18.7479160731103
2.4699835673065422,19.759868538452338,19.759868538452338,19.759868538452338
2.603305369609423,20.826442956875383,20.826442956875383,20.826442956875383
2.7438234558085024,21.95058764646802,21.95058764646802,21.95058764646802
2.891926258260833,23.135410066086664,23.135410066086664,23.135410066086664
3.0480231756580594,24.384185405264475,24.384185405264475,24.384185405264475
3.2125457047220123,25.7003656377761,25.7003656377761,25.7003656377761
3.385948632985608,27.087589063884863,27.087589063884863,27.087589063884863
3.568711295956226,28.54969036764981,28.54969036764981,28.54969036764981
3.761338902136765,30.09071121709412,30.09071121709412,30.09071121709412
3.964363929567069,31.714911436536553,31.714911436536553,31.714911436536553
4.178347597746191,33.426780781969526,33.426780781969526,33.426780781969526
4.4038814190043185,35.23105135203455,35.23105135203455,35.23105135203455
4.6415888336127775,37.13271066890222,37.13271066890222,37.13271066890222
4.892126933152033,39.137015465216265,39.137015465216265,39.137015465216265
5.156188276901592,41.24950621521273,41.24950621521273,41.24950621521273
5.434502806272783,43.47602245018226,43.47602245018226,43.47602245018226
5.727839862576535,45.82271890061228,45.82271890061228,45.82271890061228
6.037010313703756,48.29608250963005,48.29608250963005,48.29608250963005
6.362868795597115,50.90295036477692,50.90295036477692,50.90295036477692
6.706316074710319,53.65052859768255,53.65052859768255,53.65052859768255
7.068301537985341,56.546412303882725,56.546412303882725,56.546412303882725
7.449825817230662,59.5986065378453,59.5986065378453,59.5986065378453
7.851943555155052,62.815548441240416,62.815548441240416,62.815548441240416
8.27576632070296,66.20613056562368,66.20613056562368,66.20613056562368
8.722465681750432,69.77972545400345,69.77972545400345,69.77972545400345
9.193276443655257,73.54621154924206,73.54621154924206,73.54621154924206
9.689500062613693,77.51600050090954,77.51600050090954,77.51600050090954
10.21250824325929,81.70006594607432,81.70006594607432,81.70006594607432
10.76374673044853,86.10997384358824,86.10997384358824,86.10997384358824
11.344739305714931,90.75791444571945,90.75791444571945,90.75791444571945
11.957091999438951,95.65673599551161,95.65673599551161,95.65673599551161
12.602497530377338,100.8199802430187,100.8199802430187,100.8199802430187
13.282739984823985,106.26191987859188,106.26191987859188,106.26191987859188
13.999699748337049,111.99759798669639,111.99759798669639,111.99759798669639
14.755358703664752,118.04286962931802,118.04286962931802,118.04286962931802
15.551805709238662,124.4144456739093,124.4144456739093,124.4144456739093
16.391242373378454,131.12993898702763,131.12993898702763,131.12993898702763
17.275989140169767,138.20791312135813,138.20791312135813,138.20791312135813
18.20849170383826,145.66793363070607,145.66793363070607,145.66793363070607
19.19132776935102,153.53062215480816,153.53062215480816,153.53062215480816
20.227214177933625,161.817713423469,161.817713423469,161.817713423469
21.31901441719966,170.5521153375973,170.5521153375973,170.5521153375973
22.46974653665322,179.75797229322575,179.75797229322575,179.75797229322575
23.682591490444644,189.46073192355715,189.46073192355715,189.46073192355715
24.96090193044161,199.6872154435329,199.6872154435329,199.6872154435329
26.30821147392202,210.46569179137617,210.46569179137617,210.46569179137617
27.728244471507253,221.82595577205802,221.82595577205802,221.82595577205802
29.22492630233721,233.79941041869768,233.79941041869768,233.79941041869768
30.8023942249458,246.4191537995664,246.4191537995664,246.4191537995664
32.46500881383221,259.7200705106577,259.7200705106577,259.7200705106577
34.21736601334139,273.7389281067311,273.7389281067311,273.7389281067311
36.064309842174474,288.5144787373958,288.5144787373958,288.5144787373958
38.010945783648104,304.08756626918483,304.08756626918483,304.08756626918483
40.06265489871691,320.50123918973526,320.50123918973526,320.50123918973526
42.22510870077183,337.8008696061746,337.8008696061746,337.8008696061746
44.50428483333239,356.03427866665913,356.03427866665913,356.03427866665913
46.90648359397067,375.25186875176536,375.25186875176536,375.25186875176536
49.43834535014343,395.50676280114743,395.50676280114743,395.50676280114743
52.106868895075685,416.8549511606055,416.8549511606055,416.8549511606055
54.91943079443554,439.35544635548433,439.35544635548433,439.35544635548433
57.88380577728079,463.07044621824633,463.07044621824633,463.07044621824633
61.00818822764352,488.0655058211482,488.0655058211482,488.0655058211482
64.30121483616155,514.4097186892924,514.4097186892924,514.4097186892924
67.77198847437252,542.1759077949802,542.1759077949802,542.1759077949802
71.43010335766556,571.4408268613245,571.4408268613245,571.4408268613245
75.28567156644912,602.285372531593,602.285372531593,602.285372531593
79.34935099884589,634.7948079907671,634.7948079907671,634.7948079907671
83.63237483218502,669.0589986574802,669.0589986574802,669.0589986574802
88.14658257473113,705.172660597849,705.172660597849,705.172660597849
92.9044527934864,743.2356223478912,743.2356223478912,743.2356223478912
97.91913760853446,783.3531008682756,783.3531008682756,783.3531008682756
103.20449904927851,825.6359923942281,825.6359923942281,825.6359923942281
108.7751473730729,870.2011789845832,870.2011789845832,870.2011789845832
114.64648145217106,917.1718516173685,917.1718516173685,917.1718516173685
120.8347313406328,966.6778507250624,966.6778507250624,966.6778507250624
127.35700313885566,1018.8560251108453,1018.8560251108453,1018.8560251108453
134.23132627975062,1073.850610238005,1073.850610238005,1073.850610238005
141.47670336727404,1131.8136269381923,1131.8136269381923,1131.8136269381923
149.11316270508382,1192.9053016406706,1192.9053016406706,1192.9053016406706
157.16181366052453,1257.2945092841962,1257.2945092841962,1257.2945092841962
165.6449050169821,1325.1592401358569,1325.1592401358569,1325.1592401358569
174.5858864759136,1396.687091807309,1396.687091807309,1396.687091807309
184.0094734785578,1472.0757878284624,1472.0757878284624,1472.0757878284624
193.9417155265149,1551.5337242121193,1551.5337242121193,1551.5337242121193
204.41006819005236,1635.2805455204189,1635.2805455204189,1635.2805455204189
215.44346900318823,1723.5477520255058,1723.5477520255058,1723.5477520255058
227.07241745534802,1816.5793396427841,1816.5793396427841,1816.5793396427841
239.32905930071522,1914.6324744057217,1914.6324744057217,1914.6324744057217
252.24727541833064,2017.9782033466452,2017.9782033466452,2017.9782033466452
265.862775468574,2126.902203748592,2126.902203748592,2126.902203748592
280.21319660492526,2241.705572839402,2241.705572839402,2241.705572839402
295.33820751386753,2362.7056601109402,2250,2362.7056601109402
311.2796180705329,2490.236944564263,2250,2490.236944564263
328.0814949132078,2624.6519593056623,2250,2500
345.79028325618026,2766.322266049442,2250,2500
364.45493527765524,2915.639482221242,2250,2500
384.1270454376358,3073.0163635010863,2250,2500
404.86099309983484,3238.8879447986787,2250,2500
426.7140928518562,3413.7127428148497,2250,2500
449.7467529391802,3597.974023513442,2250,2500
474.02264225090767,3792.1811380072613,2250,2500
499.6088663188593,3996.8709305508746,2250,2500
526.576152816544,4212.609222532352,2250,2500
554.9990470707652,4439.9923765661215,2250,2500
584.9561181263206,4679.648945010565,2250,2500
616.5301759334096,4932.241407467277,2250,2500
649.8085002581286,5198.4680020650285,2250,2500
684.8830819488143,5479.064655590514,2250,2500
721.8508772251762,5774.8070178014095,2250,2500
760.8140756931402,6086.512605545122,2250,2500
801.8803828262759,6415.043062610207,2250,2500
845.1633176946664,6761.306541557331,2250,2500
890.782526764226,7126.260214113808,2250,2500
938.8641146339077,7510.912917071261,2250,2500
989.5409926250376,7916.327941000301,2250,2500
1042.9532461863896,8343.625969491117,2250,2500
1099.2485221306085,8793.988177044868,2250,2500
1158.582436772414,9268.659494179312,2250,2500
1221.1190060968,9768.9520487744,2250,2500
1287.0310991463327,10296.248793170662,2250,2500
1356.500915880846,10852.007327046767,2250,2500
1429.7204908304698,11437.763926643758,2250,2500
1506.8922239342387,12055.13779147391,2250,2500
1588.2294400316691,12705.835520253353,2250,2500
1673.956978553886,13391.655828431089,2250,2500
1764.311815044419,14114.494520355353,2250,2500
1859.543716227668,14876.349729821344,2250,2500
1959.9159304358843,15679.327443487075,2250,2500
2065.7059153031832,16525.647322425466,2250,2500
2177.2061047381517,17417.648837905213,2250,2500
2294.724717295179,18357.79773836143,2250,2500
2418.5866081790828,19348.692865432662,2250,2500
2549.1341672382173,20393.07333790574,2250,2500
2686.728265428373,21493.826123426985,2250,2500
2831.7492523637666,22653.994018910133,2250,2500
2984.598007712637,23876.784061701095,2250,2500
3145.6970493438102,25165.576394750482,2250,2500
3315.491701287467,26523.933610299737,2250,2500
3494.4513247386885,27955.61059790951,2250,2500
3683.0706155066364,29464.56492405309,2250,2500
3881.8709714958864,31054.96777196709,2250,2500
4091.4019339999904,32731.215471999923,2250,2500
4312.242706791523,34497.941654332186,2250,2500
4545.00375720767,36360.03005766136,2250,2500
4790.328503657322,38322.62802925857,2250,2500
5048.895094214394,40391.16075371515,2250,2500
5321.418281213916,42571.34624971133,2250,2500
5608.6513970328115,44869.21117626249,2250,2500
5911.388436516999,47291.10749213599,2250,2500
6230.466251811238,49843.730014489905,2250,2500
6566.766865658864,52534.13492527091,2250,2500
6921.2199095660235,55369.75927652819,2250,2500
7294.80519357022,58358.44154856176,2250,2500
7688.555414716725,61508.4433177338,2250,2500
8103.559011729877,64828.47209383902,2250,2500
8540.963173770411,68327.70539016329,2250,2500
9001.977011595784,72015.81609276627,2250,2500
9487.874899889744,75902.99919911796,2250,2500
10000.0,80000.0,2250,2500
